time_period,time_identifier,version,geographic_level,country_code,country_name,establishment_type,subject,qualification_type,grade,number_achieving
202223,Academic year,Provisional,National,E92000001,England,All schools,All Subjects,GCSE,Total exam entries,4736478
202223,Academic year,Provisional,National,E92000001,England,All schools,All Subjects,GCSE,9,z
202223,Academic year,Provisional,National,E92000001,England,All schools,All Subjects,GCSE,8,z
202223,Academic year,Provisional,National,E92000001,England,All schools,All Subjects,GCSE,7,z
202223,Academic year,Provisional,National,E92000001,England,All schools,All Subjects,GCSE,6,z
202223,Academic year,Provisional,National,E92000001,England,All schools,All Subjects,GCSE,5,z
202223,Academic year,Provisional,National,E92000001,England,All schools,All Subjects,GCSE,4,z
202223,Academic year,Provisional,National,E92000001,England,All schools,All Subjects,GCSE,3,z
202223,Academic year,Provisional,National,E92000001,England,All schools,All Subjects,GCSE,2,z
202223,Academic year,Provisional,National,E92000001,England,All schools,All Subjects,GCSE,1,z
202223,Academic year,Provisional,National,E92000001,England,All schools,All Subjects,GCSE,U,z
202223,Academic year,Provisional,National,E92000001,England,All schools,All Subjects,GCSE,X,z
202223,Academic year,Provisional,National,E92000001,England,All schools,All Subjects,GCSE,Covid impacted,z
202223,Academic year,Provisional,National,E92000001,England,All schools,Ancient History,GCSE,Total exam entries,1219
202223,Academic year,Provisional,National,E92000001,England,All schools,Ancient History,GCSE,9,148
202223,Academic year,Provisional,National,E92000001,England,All schools,Ancient History,GCSE,8,168
202223,Academic year,Provisional,National,E92000001,England,All schools,Ancient History,GCSE,7,172
202223,Academic year,Provisional,National,E92000001,England,All schools,Ancient History,GCSE,6,143
202223,Academic year,Provisional,National,E92000001,England,All schools,Ancient History,GCSE,5,122
202223,Academic year,Provisional,National,E92000001,England,All schools,Ancient History,GCSE,4,116
202223,Academic year,Provisional,National,E92000001,England,All schools,Ancient History,GCSE,3,98
202223,Academic year,Provisional,National,E92000001,England,All schools,Ancient History,GCSE,2,89
202223,Academic year,Provisional,National,E92000001,England,All schools,Ancient History,GCSE,1,61
202223,Academic year,Provisional,National,E92000001,England,All schools,Ancient History,GCSE,U,95
202223,Academic year,Provisional,National,E92000001,England,All schools,Ancient History,GCSE,X,6
202223,Academic year,Provisional,National,E92000001,England,All schools,Ancient History,GCSE,Covid impacted,1
202223,Academic year,Provisional,National,E92000001,England,All schools,Any classical study,GCSE,Total exam entries,14133
202223,Academic year,Provisional,National,E92000001,England,All schools,Any classical study,GCSE,9,4054
202223,Academic year,Provisional,National,E92000001,England,All schools,Any classical study,GCSE,8,2657
202223,Academic year,Provisional,National,E92000001,England,All schools,Any classical study,GCSE,7,2041
202223,Academic year,Provisional,National,E92000001,England,All schools,Any classical study,GCSE,6,1778
202223,Academic year,Provisional,National,E92000001,England,All schools,Any classical study,GCSE,5,1192
202223,Academic year,Provisional,National,E92000001,England,All schools,Any classical study,GCSE,4,888
202223,Academic year,Provisional,National,E92000001,England,All schools,Any classical study,GCSE,3,712
202223,Academic year,Provisional,National,E92000001,England,All schools,Any classical study,GCSE,2,380
202223,Academic year,Provisional,National,E92000001,England,All schools,Any classical study,GCSE,1,184
202223,Academic year,Provisional,National,E92000001,England,All schools,Any classical study,GCSE,U,105
202223,Academic year,Provisional,National,E92000001,England,All schools,Any classical study,GCSE,X,47
202223,Academic year,Provisional,National,E92000001,England,All schools,Any classical study,GCSE,Covid impacted,95
202223,Academic year,Provisional,National,E92000001,England,All schools,Any design & technology,GCSE,Total exam entries,131386
202223,Academic year,Provisional,National,E92000001,England,All schools,Any design & technology,GCSE,9,5346
202223,Academic year,Provisional,National,E92000001,England,All schools,Any design & technology,GCSE,8,9042
202223,Academic year,Provisional,National,E92000001,England,All schools,Any design & technology,GCSE,7,12311
202223,Academic year,Provisional,National,E92000001,England,All schools,Any design & technology,GCSE,6,19146
202223,Academic year,Provisional,National,E92000001,England,All schools,Any design & technology,GCSE,5,20099
202223,Academic year,Provisional,National,E92000001,England,All schools,Any design & technology,GCSE,4,19501
202223,Academic year,Provisional,National,E92000001,England,All schools,Any design & technology,GCSE,3,22932
202223,Academic year,Provisional,National,E92000001,England,All schools,Any design & technology,GCSE,2,13837
202223,Academic year,Provisional,National,E92000001,England,All schools,Any design & technology,GCSE,1,6474
202223,Academic year,Provisional,National,E92000001,England,All schools,Any design & technology,GCSE,U,2012
202223,Academic year,Provisional,National,E92000001,England,All schools,Any design & technology,GCSE,X,598
202223,Academic year,Provisional,National,E92000001,England,All schools,Any design & technology,GCSE,Covid impacted,88
202223,Academic year,Provisional,National,E92000001,England,All schools,Any modern language,GCSE,Total exam entries,313404
202223,Academic year,Provisional,National,E92000001,England,All schools,Any modern language,GCSE,9,31713
202223,Academic year,Provisional,National,E92000001,England,All schools,Any modern language,GCSE,8,27847
202223,Academic year,Provisional,National,E92000001,England,All schools,Any modern language,GCSE,7,34150
202223,Academic year,Provisional,National,E92000001,England,All schools,Any modern language,GCSE,6,29720
202223,Academic year,Provisional,National,E92000001,England,All schools,Any modern language,GCSE,5,57269
202223,Academic year,Provisional,National,E92000001,England,All schools,Any modern language,GCSE,4,43770
202223,Academic year,Provisional,National,E92000001,England,All schools,Any modern language,GCSE,3,50218
202223,Academic year,Provisional,National,E92000001,England,All schools,Any modern language,GCSE,2,20456
202223,Academic year,Provisional,National,E92000001,England,All schools,Any modern language,GCSE,1,7306
202223,Academic year,Provisional,National,E92000001,England,All schools,Any modern language,GCSE,U,5918
202223,Academic year,Provisional,National,E92000001,England,All schools,Any modern language,GCSE,X,1247
202223,Academic year,Provisional,National,E92000001,England,All schools,Any modern language,GCSE,Covid impacted,3790
202223,Academic year,Provisional,National,E92000001,England,All schools,Any Science,GCSE,Total exam entries,1045343
202223,Academic year,Provisional,National,E92000001,England,All schools,Any Science,GCSE,9,72145
202223,Academic year,Provisional,National,E92000001,England,All schools,Any Science,GCSE,8,81582
202223,Academic year,Provisional,National,E92000001,England,All schools,Any Science,GCSE,7,91192
202223,Academic year,Provisional,National,E92000001,England,All schools,Any Science,GCSE,6,114950
202223,Academic year,Provisional,National,E92000001,England,All schools,Any Science,GCSE,5,97816
202223,Academic year,Provisional,National,E92000001,England,All schools,Any Science,GCSE,4,63750
202223,Academic year,Provisional,National,E92000001,England,All schools,Any Science,GCSE,3,43085
202223,Academic year,Provisional,National,E92000001,England,All schools,Any Science,GCSE,2,20560
202223,Academic year,Provisional,National,E92000001,England,All schools,Any Science,GCSE,1,11543
202223,Academic year,Provisional,National,E92000001,England,All schools,Any Science,GCSE,U,18715
202223,Academic year,Provisional,National,E92000001,England,All schools,Any Science,GCSE,X,6625
202223,Academic year,Provisional,National,E92000001,England,All schools,Any Science,GCSE,Covid impacted,342
202223,Academic year,Provisional,National,E92000001,England,All schools,Any Science,GCSE,11,10609
202223,Academic year,Provisional,National,E92000001,England,All schools,Any Science,GCSE,21,15835
202223,Academic year,Provisional,National,E92000001,England,All schools,Any Science,GCSE,22,23695
202223,Academic year,Provisional,National,E92000001,England,All schools,Any Science,GCSE,32,32708
202223,Academic year,Provisional,National,E92000001,England,All schools,Any Science,GCSE,33,42240
202223,Academic year,Provisional,National,E92000001,England,All schools,Any Science,GCSE,43,51802
202223,Academic year,Provisional,National,E92000001,England,All schools,Any Science,GCSE,44,44790
202223,Academic year,Provisional,National,E92000001,England,All schools,Any Science,GCSE,54,45936
202223,Academic year,Provisional,National,E92000001,England,All schools,Any Science,GCSE,55,49275
202223,Academic year,Provisional,National,E92000001,England,All schools,Any Science,GCSE,65,26042
202223,Academic year,Provisional,National,E92000001,England,All schools,Any Science,GCSE,66,23590
202223,Academic year,Provisional,National,E92000001,England,All schools,Any Science,GCSE,76,19457
202223,Academic year,Provisional,National,E92000001,England,All schools,Any Science,GCSE,77,12177
202223,Academic year,Provisional,National,E92000001,England,All schools,Any Science,GCSE,87,9458
202223,Academic year,Provisional,National,E92000001,England,All schools,Any Science,GCSE,88,6614
202223,Academic year,Provisional,National,E92000001,England,All schools,Any Science,GCSE,98,4226
202223,Academic year,Provisional,National,E92000001,England,All schools,Any Science,GCSE,99,4584
202223,Academic year,Provisional,National,E92000001,England,All schools,Art and Design,GCSE,Total exam entries,183270
202223,Academic year,Provisional,National,E92000001,England,All schools,Art and Design,GCSE,9,10342
202223,Academic year,Provisional,National,E92000001,England,All schools,Art and Design,GCSE,8,13400
202223,Academic year,Provisional,National,E92000001,England,All schools,Art and Design,GCSE,7,19838
202223,Academic year,Provisional,National,E92000001,England,All schools,Art and Design,GCSE,6,31453
202223,Academic year,Provisional,National,E92000001,England,All schools,Art and Design,GCSE,5,33798
202223,Academic year,Provisional,National,E92000001,England,All schools,Art and Design,GCSE,4,29728
202223,Academic year,Provisional,National,E92000001,England,All schools,Art and Design,GCSE,3,24887
202223,Academic year,Provisional,National,E92000001,England,All schools,Art and Design,GCSE,2,12276
202223,Academic year,Provisional,National,E92000001,England,All schools,Art and Design,GCSE,1,5150
202223,Academic year,Provisional,National,E92000001,England,All schools,Art and Design,GCSE,U,914
202223,Academic year,Provisional,National,E92000001,England,All schools,Art and Design,GCSE,X,1206
202223,Academic year,Provisional,National,E92000001,England,All schools,Art and Design,GCSE,Covid impacted,278
202223,Academic year,Provisional,National,E92000001,England,All schools,Biblical Hebrew,GCSE,Total exam entries,586
202223,Academic year,Provisional,National,E92000001,England,All schools,Biblical Hebrew,GCSE,9,104
202223,Academic year,Provisional,National,E92000001,England,All schools,Biblical Hebrew,GCSE,8,98
202223,Academic year,Provisional,National,E92000001,England,All schools,Biblical Hebrew,GCSE,7,98
202223,Academic year,Provisional,National,E92000001,England,All schools,Biblical Hebrew,GCSE,6,84
202223,Academic year,Provisional,National,E92000001,England,All schools,Biblical Hebrew,GCSE,5,59
202223,Academic year,Provisional,National,E92000001,England,All schools,Biblical Hebrew,GCSE,4,45
202223,Academic year,Provisional,National,E92000001,England,All schools,Biblical Hebrew,GCSE,3,24
202223,Academic year,Provisional,National,E92000001,England,All schools,Biblical Hebrew,GCSE,2,13
202223,Academic year,Provisional,National,E92000001,England,All schools,Biblical Hebrew,GCSE,1,17
202223,Academic year,Provisional,National,E92000001,England,All schools,Biblical Hebrew,GCSE,U,6
202223,Academic year,Provisional,National,E92000001,England,All schools,Biblical Hebrew,GCSE,X,6
202223,Academic year,Provisional,National,E92000001,England,All schools,Biblical Hebrew,GCSE,Covid impacted,32
202223,Academic year,Provisional,National,E92000001,England,All schools,Biology,GCSE,Total exam entries,175353
202223,Academic year,Provisional,National,E92000001,England,All schools,Biology,GCSE,9,22217
202223,Academic year,Provisional,National,E92000001,England,All schools,Biology,GCSE,8,23954
202223,Academic year,Provisional,National,E92000001,England,All schools,Biology,GCSE,7,28392
202223,Academic year,Provisional,National,E92000001,England,All schools,Biology,GCSE,6,36539
202223,Academic year,Provisional,National,E92000001,England,All schools,Biology,GCSE,5,28790
202223,Academic year,Provisional,National,E92000001,England,All schools,Biology,GCSE,4,17330
202223,Academic year,Provisional,National,E92000001,England,All schools,Biology,GCSE,3,10057
202223,Academic year,Provisional,National,E92000001,England,All schools,Biology,GCSE,2,4096
202223,Academic year,Provisional,National,E92000001,England,All schools,Biology,GCSE,1,2064
202223,Academic year,Provisional,National,E92000001,England,All schools,Biology,GCSE,U,1105
202223,Academic year,Provisional,National,E92000001,England,All schools,Biology,GCSE,X,701
202223,Academic year,Provisional,National,E92000001,England,All schools,Biology,GCSE,Covid impacted,108
202223,Academic year,Provisional,National,E92000001,England,All schools,Business,GCSE,Total exam entries,113577
202223,Academic year,Provisional,National,E92000001,England,All schools,Business,GCSE,9,4269
202223,Academic year,Provisional,National,E92000001,England,All schools,Business,GCSE,8,7664
202223,Academic year,Provisional,National,E92000001,England,All schools,Business,GCSE,7,10305
202223,Academic year,Provisional,National,E92000001,England,All schools,Business,GCSE,6,18817
202223,Academic year,Provisional,National,E92000001,England,All schools,Business,GCSE,5,18126
202223,Academic year,Provisional,National,E92000001,England,All schools,Business,GCSE,4,16323
202223,Academic year,Provisional,National,E92000001,England,All schools,Business,GCSE,3,19071
202223,Academic year,Provisional,National,E92000001,England,All schools,Business,GCSE,2,10881
202223,Academic year,Provisional,National,E92000001,England,All schools,Business,GCSE,1,5726
202223,Academic year,Provisional,National,E92000001,England,All schools,Business,GCSE,U,1483
202223,Academic year,Provisional,National,E92000001,England,All schools,Business,GCSE,X,781
202223,Academic year,Provisional,National,E92000001,England,All schools,Business,GCSE,Covid impacted,131
202223,Academic year,Provisional,National,E92000001,England,All schools,Chemistry,GCSE,Total exam entries,170573
202223,Academic year,Provisional,National,E92000001,England,All schools,Chemistry,GCSE,9,22533
202223,Academic year,Provisional,National,E92000001,England,All schools,Chemistry,GCSE,8,24872
202223,Academic year,Provisional,National,E92000001,England,All schools,Chemistry,GCSE,7,27200
202223,Academic year,Provisional,National,E92000001,England,All schools,Chemistry,GCSE,6,32192
202223,Academic year,Provisional,National,E92000001,England,All schools,Chemistry,GCSE,5,28257
202223,Academic year,Provisional,National,E92000001,England,All schools,Chemistry,GCSE,4,17856
202223,Academic year,Provisional,National,E92000001,England,All schools,Chemistry,GCSE,3,10020
202223,Academic year,Provisional,National,E92000001,England,All schools,Chemistry,GCSE,2,4080
202223,Academic year,Provisional,National,E92000001,England,All schools,Chemistry,GCSE,1,1726
202223,Academic year,Provisional,National,E92000001,England,All schools,Chemistry,GCSE,U,1263
202223,Academic year,Provisional,National,E92000001,England,All schools,Chemistry,GCSE,X,497
202223,Academic year,Provisional,National,E92000001,England,All schools,Chemistry,GCSE,Covid impacted,77
202223,Academic year,Provisional,National,E92000001,England,All schools,Classical Civilisation,GCSE,Total exam entries,4305
202223,Academic year,Provisional,National,E92000001,England,All schools,Classical Civilisation,GCSE,9,436
202223,Academic year,Provisional,National,E92000001,England,All schools,Classical Civilisation,GCSE,8,561
202223,Academic year,Provisional,National,E92000001,England,All schools,Classical Civilisation,GCSE,7,679
202223,Academic year,Provisional,National,E92000001,England,All schools,Classical Civilisation,GCSE,6,842
202223,Academic year,Provisional,National,E92000001,England,All schools,Classical Civilisation,GCSE,5,596
202223,Academic year,Provisional,National,E92000001,England,All schools,Classical Civilisation,GCSE,4,456
202223,Academic year,Provisional,National,E92000001,England,All schools,Classical Civilisation,GCSE,3,394
202223,Academic year,Provisional,National,E92000001,England,All schools,Classical Civilisation,GCSE,2,195
202223,Academic year,Provisional,National,E92000001,England,All schools,Classical Civilisation,GCSE,1,84
202223,Academic year,Provisional,National,E92000001,England,All schools,Classical Civilisation,GCSE,U,42
202223,Academic year,Provisional,National,E92000001,England,All schools,Classical Civilisation,GCSE,X,19
202223,Academic year,Provisional,National,E92000001,England,All schools,Classical Civilisation,GCSE,Covid impacted,1
202223,Academic year,Provisional,National,E92000001,England,All schools,Classical Greek,GCSE,Total exam entries,915
202223,Academic year,Provisional,National,E92000001,England,All schools,Classical Greek,GCSE,9,509
202223,Academic year,Provisional,National,E92000001,England,All schools,Classical Greek,GCSE,8,212
202223,Academic year,Provisional,National,E92000001,England,All schools,Classical Greek,GCSE,7,103
202223,Academic year,Provisional,National,E92000001,England,All schools,Classical Greek,GCSE,6,18
202223,Academic year,Provisional,National,E92000001,England,All schools,Classical Greek,GCSE,5,18
202223,Academic year,Provisional,National,E92000001,England,All schools,Classical Greek,GCSE,4,15
202223,Academic year,Provisional,National,E92000001,England,All schools,Classical Greek,GCSE,3,21
202223,Academic year,Provisional,National,E92000001,England,All schools,Classical Greek,GCSE,2,6
202223,Academic year,Provisional,National,E92000001,England,All schools,Classical Greek,GCSE,1,4
202223,Academic year,Provisional,National,E92000001,England,All schools,Classical Greek,GCSE,U,2
202223,Academic year,Provisional,National,E92000001,England,All schools,Classical Greek,GCSE,X,6
202223,Academic year,Provisional,National,E92000001,England,All schools,Classical Greek,GCSE,Covid impacted,1
202223,Academic year,Provisional,National,E92000001,England,All schools,Combined Science,GCSE,Total exam entries,439040
202223,Academic year,Provisional,National,E92000001,England,All schools,Combined Science,GCSE,9,z
202223,Academic year,Provisional,National,E92000001,England,All schools,Combined Science,GCSE,8,z
202223,Academic year,Provisional,National,E92000001,England,All schools,Combined Science,GCSE,7,z
202223,Academic year,Provisional,National,E92000001,England,All schools,Combined Science,GCSE,6,z
202223,Academic year,Provisional,National,E92000001,England,All schools,Combined Science,GCSE,5,z
202223,Academic year,Provisional,National,E92000001,England,All schools,Combined Science,GCSE,4,z
202223,Academic year,Provisional,National,E92000001,England,All schools,Combined Science,GCSE,3,z
202223,Academic year,Provisional,National,E92000001,England,All schools,Combined Science,GCSE,2,z
202223,Academic year,Provisional,National,E92000001,England,All schools,Combined Science,GCSE,1,z
202223,Academic year,Provisional,National,E92000001,England,All schools,Combined Science,GCSE,U,11682
202223,Academic year,Provisional,National,E92000001,England,All schools,Combined Science,GCSE,X,4314
202223,Academic year,Provisional,National,E92000001,England,All schools,Combined Science,GCSE,Covid impacted,6
202223,Academic year,Provisional,National,E92000001,England,All schools,Combined Science,GCSE,11,10609
202223,Academic year,Provisional,National,E92000001,England,All schools,Combined Science,GCSE,21,15835
202223,Academic year,Provisional,National,E92000001,England,All schools,Combined Science,GCSE,22,23695
202223,Academic year,Provisional,National,E92000001,England,All schools,Combined Science,GCSE,32,32708
202223,Academic year,Provisional,National,E92000001,England,All schools,Combined Science,GCSE,33,42240
202223,Academic year,Provisional,National,E92000001,England,All schools,Combined Science,GCSE,43,51802
202223,Academic year,Provisional,National,E92000001,England,All schools,Combined Science,GCSE,44,44790
202223,Academic year,Provisional,National,E92000001,England,All schools,Combined Science,GCSE,54,45936
202223,Academic year,Provisional,National,E92000001,England,All schools,Combined Science,GCSE,55,49275
202223,Academic year,Provisional,National,E92000001,England,All schools,Combined Science,GCSE,65,26042
202223,Academic year,Provisional,National,E92000001,England,All schools,Combined Science,GCSE,66,23590
202223,Academic year,Provisional,National,E92000001,England,All schools,Combined Science,GCSE,76,19457
202223,Academic year,Provisional,National,E92000001,England,All schools,Combined Science,GCSE,77,12177
202223,Academic year,Provisional,National,E92000001,England,All schools,Combined Science,GCSE,87,9458
202223,Academic year,Provisional,National,E92000001,England,All schools,Combined Science,GCSE,88,6614
202223,Academic year,Provisional,National,E92000001,England,All schools,Combined Science,GCSE,98,4226
202223,Academic year,Provisional,National,E92000001,England,All schools,Combined Science,GCSE,99,4584
202223,Academic year,Provisional,National,E92000001,England,All schools,Computer Science,GCSE,Total exam entries,87934
202223,Academic year,Provisional,National,E92000001,England,All schools,Computer Science,GCSE,9,4604
202223,Academic year,Provisional,National,E92000001,England,All schools,Computer Science,GCSE,8,7835
202223,Academic year,Provisional,National,E92000001,England,All schools,Computer Science,GCSE,7,8926
202223,Academic year,Provisional,National,E92000001,England,All schools,Computer Science,GCSE,6,11999
202223,Academic year,Provisional,National,E92000001,England,All schools,Computer Science,GCSE,5,11768
202223,Academic year,Provisional,National,E92000001,England,All schools,Computer Science,GCSE,4,11324
202223,Academic year,Provisional,National,E92000001,England,All schools,Computer Science,GCSE,3,11585
202223,Academic year,Provisional,National,E92000001,England,All schools,Computer Science,GCSE,2,9551
202223,Academic year,Provisional,National,E92000001,England,All schools,Computer Science,GCSE,1,6851
202223,Academic year,Provisional,National,E92000001,England,All schools,Computer Science,GCSE,U,2810
202223,Academic year,Provisional,National,E92000001,England,All schools,Computer Science,GCSE,X,614
202223,Academic year,Provisional,National,E92000001,England,All schools,Computer Science,GCSE,Covid impacted,67
202223,Academic year,Provisional,National,E92000001,England,All schools,Dance,GCSE,Total exam entries,6890
202223,Academic year,Provisional,National,E92000001,England,All schools,Dance,GCSE,9,363
202223,Academic year,Provisional,National,E92000001,England,All schools,Dance,GCSE,8,617
202223,Academic year,Provisional,National,E92000001,England,All schools,Dance,GCSE,7,804
202223,Academic year,Provisional,National,E92000001,England,All schools,Dance,GCSE,6,1157
202223,Academic year,Provisional,National,E92000001,England,All schools,Dance,GCSE,5,1137
202223,Academic year,Provisional,National,E92000001,England,All schools,Dance,GCSE,4,965
202223,Academic year,Provisional,National,E92000001,England,All schools,Dance,GCSE,3,1023
202223,Academic year,Provisional,National,E92000001,England,All schools,Dance,GCSE,2,484
202223,Academic year,Provisional,National,E92000001,England,All schools,Dance,GCSE,1,171
202223,Academic year,Provisional,National,E92000001,England,All schools,Dance,GCSE,U,84
202223,Academic year,Provisional,National,E92000001,England,All schools,Dance,GCSE,X,44
202223,Academic year,Provisional,National,E92000001,England,All schools,Dance,GCSE,Covid impacted,41
202223,Academic year,Provisional,National,E92000001,England,All schools,Design & Technology,GCSE,Total exam entries,78339
202223,Academic year,Provisional,National,E92000001,England,All schools,Design & Technology,GCSE,9,3359
202223,Academic year,Provisional,National,E92000001,England,All schools,Design & Technology,GCSE,8,5546
202223,Academic year,Provisional,National,E92000001,England,All schools,Design & Technology,GCSE,7,7558
202223,Academic year,Provisional,National,E92000001,England,All schools,Design & Technology,GCSE,6,11432
202223,Academic year,Provisional,National,E92000001,England,All schools,Design & Technology,GCSE,5,11582
202223,Academic year,Provisional,National,E92000001,England,All schools,Design & Technology,GCSE,4,11145
202223,Academic year,Provisional,National,E92000001,England,All schools,Design & Technology,GCSE,3,13027
202223,Academic year,Provisional,National,E92000001,England,All schools,Design & Technology,GCSE,2,8305
202223,Academic year,Provisional,National,E92000001,England,All schools,Design & Technology,GCSE,1,4536
202223,Academic year,Provisional,National,E92000001,England,All schools,Design & Technology,GCSE,U,1528
202223,Academic year,Provisional,National,E92000001,England,All schools,Design & Technology,GCSE,X,273
202223,Academic year,Provisional,National,E92000001,England,All schools,Design & Technology,GCSE,Covid impacted,48
202223,Academic year,Provisional,National,E92000001,England,All schools,Drama,GCSE,Total exam entries,49570
202223,Academic year,Provisional,National,E92000001,England,All schools,Drama,GCSE,9,3002
202223,Academic year,Provisional,National,E92000001,England,All schools,Drama,GCSE,8,4427
202223,Academic year,Provisional,National,E92000001,England,All schools,Drama,GCSE,7,5428
202223,Academic year,Provisional,National,E92000001,England,All schools,Drama,GCSE,6,9620
202223,Academic year,Provisional,National,E92000001,England,All schools,Drama,GCSE,5,8518
202223,Academic year,Provisional,National,E92000001,England,All schools,Drama,GCSE,4,6641
202223,Academic year,Provisional,National,E92000001,England,All schools,Drama,GCSE,3,7414
202223,Academic year,Provisional,National,E92000001,England,All schools,Drama,GCSE,2,3009
202223,Academic year,Provisional,National,E92000001,England,All schools,Drama,GCSE,1,1052
202223,Academic year,Provisional,National,E92000001,England,All schools,Drama,GCSE,U,329
202223,Academic year,Provisional,National,E92000001,England,All schools,Drama,GCSE,X,92
202223,Academic year,Provisional,National,E92000001,England,All schools,Drama,GCSE,Covid impacted,38
202223,Academic year,Provisional,National,E92000001,England,All schools,Economics,GCSE,Total exam entries,7170
202223,Academic year,Provisional,National,E92000001,England,All schools,Economics,GCSE,9,559
202223,Academic year,Provisional,National,E92000001,England,All schools,Economics,GCSE,8,788
202223,Academic year,Provisional,National,E92000001,England,All schools,Economics,GCSE,7,951
202223,Academic year,Provisional,National,E92000001,England,All schools,Economics,GCSE,6,1447
202223,Academic year,Provisional,National,E92000001,England,All schools,Economics,GCSE,5,1107
202223,Academic year,Provisional,National,E92000001,England,All schools,Economics,GCSE,4,890
202223,Academic year,Provisional,National,E92000001,England,All schools,Economics,GCSE,3,798
202223,Academic year,Provisional,National,E92000001,England,All schools,Economics,GCSE,2,375
202223,Academic year,Provisional,National,E92000001,England,All schools,Economics,GCSE,1,180
202223,Academic year,Provisional,National,E92000001,England,All schools,Economics,GCSE,U,54
202223,Academic year,Provisional,National,E92000001,England,All schools,Economics,GCSE,X,17
202223,Academic year,Provisional,National,E92000001,England,All schools,Economics,GCSE,Covid impacted,4
202223,Academic year,Provisional,National,E92000001,England,All schools,Engineering,GCSE,Total exam entries,2497
202223,Academic year,Provisional,National,E92000001,England,All schools,Engineering,GCSE,9,62
202223,Academic year,Provisional,National,E92000001,England,All schools,Engineering,GCSE,8,151
202223,Academic year,Provisional,National,E92000001,England,All schools,Engineering,GCSE,7,177
202223,Academic year,Provisional,National,E92000001,England,All schools,Engineering,GCSE,6,364
202223,Academic year,Provisional,National,E92000001,England,All schools,Engineering,GCSE,5,359
202223,Academic year,Provisional,National,E92000001,England,All schools,Engineering,GCSE,4,280
202223,Academic year,Provisional,National,E92000001,England,All schools,Engineering,GCSE,3,527
202223,Academic year,Provisional,National,E92000001,England,All schools,Engineering,GCSE,2,313
202223,Academic year,Provisional,National,E92000001,England,All schools,Engineering,GCSE,1,186
202223,Academic year,Provisional,National,E92000001,England,All schools,Engineering,GCSE,U,66
202223,Academic year,Provisional,National,E92000001,England,All schools,Engineering,GCSE,X,12
202223,Academic year,Provisional,National,E92000001,England,All schools,Engineering,GCSE,Covid impacted,0
202223,Academic year,Provisional,National,E92000001,England,All schools,English & mathematics,GCSE,Total exam entries,609034
202223,Academic year,Provisional,National,E92000001,England,All schools,English & mathematics,GCSE,9,z
202223,Academic year,Provisional,National,E92000001,England,All schools,English & mathematics,GCSE,8,z
202223,Academic year,Provisional,National,E92000001,England,All schools,English & mathematics,GCSE,7,z
202223,Academic year,Provisional,National,E92000001,England,All schools,English & mathematics,GCSE,6,z
202223,Academic year,Provisional,National,E92000001,England,All schools,English & mathematics,GCSE,5,z
202223,Academic year,Provisional,National,E92000001,England,All schools,English & mathematics,GCSE,4,z
202223,Academic year,Provisional,National,E92000001,England,All schools,English & mathematics,GCSE,3,z
202223,Academic year,Provisional,National,E92000001,England,All schools,English & mathematics,GCSE,2,z
202223,Academic year,Provisional,National,E92000001,England,All schools,English & mathematics,GCSE,1,z
202223,Academic year,Provisional,National,E92000001,England,All schools,English & mathematics,GCSE,U,z
202223,Academic year,Provisional,National,E92000001,England,All schools,English & mathematics,GCSE,X,z
202223,Academic year,Provisional,National,E92000001,England,All schools,English & mathematics,GCSE,Covid impacted,z
202223,Academic year,Provisional,National,E92000001,England,All schools,English Language,GCSE,Total exam entries,620861
202223,Academic year,Provisional,National,E92000001,England,All schools,English Language,GCSE,9,18555
202223,Academic year,Provisional,National,E92000001,England,All schools,English Language,GCSE,8,36297
202223,Academic year,Provisional,National,E92000001,England,All schools,English Language,GCSE,7,60610
202223,Academic year,Provisional,National,E92000001,England,All schools,English Language,GCSE,6,107519
202223,Academic year,Provisional,National,E92000001,England,All schools,English Language,GCSE,5,115211
202223,Academic year,Provisional,National,E92000001,England,All schools,English Language,GCSE,4,100994
202223,Academic year,Provisional,National,E92000001,England,All schools,English Language,GCSE,3,105998
202223,Academic year,Provisional,National,E92000001,England,All schools,English Language,GCSE,2,39919
202223,Academic year,Provisional,National,E92000001,England,All schools,English Language,GCSE,1,18321
202223,Academic year,Provisional,National,E92000001,England,All schools,English Language,GCSE,U,9708
202223,Academic year,Provisional,National,E92000001,England,All schools,English Language,GCSE,X,7700
202223,Academic year,Provisional,National,E92000001,England,All schools,English Language,GCSE,Covid impacted,29
202223,Academic year,Provisional,National,E92000001,England,All schools,English Literature,GCSE,Total exam entries,602205
202223,Academic year,Provisional,National,E92000001,England,All schools,English Literature,GCSE,9,21896
202223,Academic year,Provisional,National,E92000001,England,All schools,English Literature,GCSE,8,38278
202223,Academic year,Provisional,National,E92000001,England,All schools,English Literature,GCSE,7,63156
202223,Academic year,Provisional,National,E92000001,England,All schools,English Literature,GCSE,6,102876
202223,Academic year,Provisional,National,E92000001,England,All schools,English Literature,GCSE,5,118541
202223,Academic year,Provisional,National,E92000001,England,All schools,English Literature,GCSE,4,97200
202223,Academic year,Provisional,National,E92000001,England,All schools,English Literature,GCSE,3,71821
202223,Academic year,Provisional,National,E92000001,England,All schools,English Literature,GCSE,2,45601
202223,Academic year,Provisional,National,E92000001,England,All schools,English Literature,GCSE,1,25820
202223,Academic year,Provisional,National,E92000001,England,All schools,English Literature,GCSE,U,11553
202223,Academic year,Provisional,National,E92000001,England,All schools,English Literature,GCSE,X,5438
202223,Academic year,Provisional,National,E92000001,England,All schools,English Literature,GCSE,Covid impacted,25
202223,Academic year,Provisional,National,E92000001,England,All schools,"English, mathematics & science",GCSE,Total exam entries,597719
202223,Academic year,Provisional,National,E92000001,England,All schools,"English, mathematics & science",GCSE,9,z
202223,Academic year,Provisional,National,E92000001,England,All schools,"English, mathematics & science",GCSE,8,z
202223,Academic year,Provisional,National,E92000001,England,All schools,"English, mathematics & science",GCSE,7,z
202223,Academic year,Provisional,National,E92000001,England,All schools,"English, mathematics & science",GCSE,6,z
202223,Academic year,Provisional,National,E92000001,England,All schools,"English, mathematics & science",GCSE,5,z
202223,Academic year,Provisional,National,E92000001,England,All schools,"English, mathematics & science",GCSE,4,z
202223,Academic year,Provisional,National,E92000001,England,All schools,"English, mathematics & science",GCSE,3,z
202223,Academic year,Provisional,National,E92000001,England,All schools,"English, mathematics & science",GCSE,2,z
202223,Academic year,Provisional,National,E92000001,England,All schools,"English, mathematics & science",GCSE,1,z
202223,Academic year,Provisional,National,E92000001,England,All schools,"English, mathematics & science",GCSE,U,z
202223,Academic year,Provisional,National,E92000001,England,All schools,"English, mathematics & science",GCSE,X,z
202223,Academic year,Provisional,National,E92000001,England,All schools,"English, mathematics & science",GCSE,Covid impacted,z
202223,Academic year,Provisional,National,E92000001,England,All schools,Film Studies,GCSE,Total exam entries,5161
202223,Academic year,Provisional,National,E92000001,England,All schools,Film Studies,GCSE,9,197
202223,Academic year,Provisional,National,E92000001,England,All schools,Film Studies,GCSE,8,339
202223,Academic year,Provisional,National,E92000001,England,All schools,Film Studies,GCSE,7,460
202223,Academic year,Provisional,National,E92000001,England,All schools,Film Studies,GCSE,6,835
202223,Academic year,Provisional,National,E92000001,England,All schools,Film Studies,GCSE,5,797
202223,Academic year,Provisional,National,E92000001,England,All schools,Film Studies,GCSE,4,672
202223,Academic year,Provisional,National,E92000001,England,All schools,Film Studies,GCSE,3,847
202223,Academic year,Provisional,National,E92000001,England,All schools,Film Studies,GCSE,2,508
202223,Academic year,Provisional,National,E92000001,England,All schools,Film Studies,GCSE,1,297
202223,Academic year,Provisional,National,E92000001,England,All schools,Film Studies,GCSE,U,153
202223,Academic year,Provisional,National,E92000001,England,All schools,Film Studies,GCSE,X,26
202223,Academic year,Provisional,National,E92000001,England,All schools,Film Studies,GCSE,Covid impacted,30
202223,Academic year,Provisional,National,E92000001,England,All schools,Food Preparation & Nutrition,GCSE,Total exam entries,53047
202223,Academic year,Provisional,National,E92000001,England,All schools,Food Preparation & Nutrition,GCSE,9,1987
202223,Academic year,Provisional,National,E92000001,England,All schools,Food Preparation & Nutrition,GCSE,8,3496
202223,Academic year,Provisional,National,E92000001,England,All schools,Food Preparation & Nutrition,GCSE,7,4753
202223,Academic year,Provisional,National,E92000001,England,All schools,Food Preparation & Nutrition,GCSE,6,7714
202223,Academic year,Provisional,National,E92000001,England,All schools,Food Preparation & Nutrition,GCSE,5,8517
202223,Academic year,Provisional,National,E92000001,England,All schools,Food Preparation & Nutrition,GCSE,4,8356
202223,Academic year,Provisional,National,E92000001,England,All schools,Food Preparation & Nutrition,GCSE,3,9905
202223,Academic year,Provisional,National,E92000001,England,All schools,Food Preparation & Nutrition,GCSE,2,5532
202223,Academic year,Provisional,National,E92000001,England,All schools,Food Preparation & Nutrition,GCSE,1,1938
202223,Academic year,Provisional,National,E92000001,England,All schools,Food Preparation & Nutrition,GCSE,U,484
202223,Academic year,Provisional,National,E92000001,England,All schools,Food Preparation & Nutrition,GCSE,X,325
202223,Academic year,Provisional,National,E92000001,England,All schools,Food Preparation & Nutrition,GCSE,Covid impacted,40
202223,Academic year,Provisional,National,E92000001,England,All schools,French,GCSE,Total exam entries,125447
202223,Academic year,Provisional,National,E92000001,England,All schools,French,GCSE,9,9744
202223,Academic year,Provisional,National,E92000001,England,All schools,French,GCSE,8,9192
202223,Academic year,Provisional,National,E92000001,England,All schools,French,GCSE,7,13053
202223,Academic year,Provisional,National,E92000001,England,All schools,French,GCSE,6,11421
202223,Academic year,Provisional,National,E92000001,England,All schools,French,GCSE,5,25111
202223,Academic year,Provisional,National,E92000001,England,All schools,French,GCSE,4,18977
202223,Academic year,Provisional,National,E92000001,England,All schools,French,GCSE,3,22247
202223,Academic year,Provisional,National,E92000001,England,All schools,French,GCSE,2,9005
202223,Academic year,Provisional,National,E92000001,England,All schools,French,GCSE,1,3168
202223,Academic year,Provisional,National,E92000001,England,All schools,French,GCSE,U,2296
202223,Academic year,Provisional,National,E92000001,England,All schools,French,GCSE,X,419
202223,Academic year,Provisional,National,E92000001,England,All schools,French,GCSE,Covid impacted,814
202223,Academic year,Provisional,National,E92000001,England,All schools,Geography,GCSE,Total exam entries,281273
202223,Academic year,Provisional,National,E92000001,England,All schools,Geography,GCSE,9,13746
202223,Academic year,Provisional,National,E92000001,England,All schools,Geography,GCSE,8,22411
202223,Academic year,Provisional,National,E92000001,England,All schools,Geography,GCSE,7,32242
202223,Academic year,Provisional,National,E92000001,England,All schools,Geography,GCSE,6,37845
202223,Academic year,Provisional,National,E92000001,England,All schools,Geography,GCSE,5,38598
202223,Academic year,Provisional,National,E92000001,England,All schools,Geography,GCSE,4,35971
202223,Academic year,Provisional,National,E92000001,England,All schools,Geography,GCSE,3,43719
202223,Academic year,Provisional,National,E92000001,England,All schools,Geography,GCSE,2,30291
202223,Academic year,Provisional,National,E92000001,England,All schools,Geography,GCSE,1,18706
202223,Academic year,Provisional,National,E92000001,England,All schools,Geography,GCSE,U,5360
202223,Academic year,Provisional,National,E92000001,England,All schools,Geography,GCSE,X,2273
202223,Academic year,Provisional,National,E92000001,England,All schools,Geography,GCSE,Covid impacted,111
202223,Academic year,Provisional,National,E92000001,England,All schools,German,GCSE,Total exam entries,33570
202223,Academic year,Provisional,National,E92000001,England,All schools,German,GCSE,9,2957
202223,Academic year,Provisional,National,E92000001,England,All schools,German,GCSE,8,2734
202223,Academic year,Provisional,National,E92000001,England,All schools,German,GCSE,7,3326
202223,Academic year,Provisional,National,E92000001,England,All schools,German,GCSE,6,4227
202223,Academic year,Provisional,National,E92000001,England,All schools,German,GCSE,5,6977
202223,Academic year,Provisional,National,E92000001,England,All schools,German,GCSE,4,5283
202223,Academic year,Provisional,National,E92000001,England,All schools,German,GCSE,3,4815
202223,Academic year,Provisional,National,E92000001,England,All schools,German,GCSE,2,1853
202223,Academic year,Provisional,National,E92000001,England,All schools,German,GCSE,1,710
202223,Academic year,Provisional,National,E92000001,England,All schools,German,GCSE,U,389
202223,Academic year,Provisional,National,E92000001,England,All schools,German,GCSE,X,56
202223,Academic year,Provisional,National,E92000001,England,All schools,German,GCSE,Covid impacted,243
202223,Academic year,Provisional,National,E92000001,England,All schools,History,GCSE,Total exam entries,295448
202223,Academic year,Provisional,National,E92000001,England,All schools,History,GCSE,9,15924
202223,Academic year,Provisional,National,E92000001,England,All schools,History,GCSE,8,25156
202223,Academic year,Provisional,National,E92000001,England,All schools,History,GCSE,7,33064
202223,Academic year,Provisional,National,E92000001,England,All schools,History,GCSE,6,39064
202223,Academic year,Provisional,National,E92000001,England,All schools,History,GCSE,5,38350
202223,Academic year,Provisional,National,E92000001,England,All schools,History,GCSE,4,34337
202223,Academic year,Provisional,National,E92000001,England,All schools,History,GCSE,3,41982
202223,Academic year,Provisional,National,E92000001,England,All schools,History,GCSE,2,32364
202223,Academic year,Provisional,National,E92000001,England,All schools,History,GCSE,1,22512
202223,Academic year,Provisional,National,E92000001,England,All schools,History,GCSE,U,9795
202223,Academic year,Provisional,National,E92000001,England,All schools,History,GCSE,X,2794
202223,Academic year,Provisional,National,E92000001,England,All schools,History,GCSE,Covid impacted,106
202223,Academic year,Provisional,National,E92000001,England,All schools,Latin,GCSE,Total exam entries,8327
202223,Academic year,Provisional,National,E92000001,England,All schools,Latin,GCSE,9,3005
202223,Academic year,Provisional,National,E92000001,England,All schools,Latin,GCSE,8,1786
202223,Academic year,Provisional,National,E92000001,England,All schools,Latin,GCSE,7,1161
202223,Academic year,Provisional,National,E92000001,England,All schools,Latin,GCSE,6,834
202223,Academic year,Provisional,National,E92000001,England,All schools,Latin,GCSE,5,519
202223,Academic year,Provisional,National,E92000001,England,All schools,Latin,GCSE,4,372
202223,Academic year,Provisional,National,E92000001,England,All schools,Latin,GCSE,3,273
202223,Academic year,Provisional,National,E92000001,England,All schools,Latin,GCSE,2,166
202223,Academic year,Provisional,National,E92000001,England,All schools,Latin,GCSE,1,79
202223,Academic year,Provisional,National,E92000001,England,All schools,Latin,GCSE,U,55
202223,Academic year,Provisional,National,E92000001,England,All schools,Latin,GCSE,X,16
202223,Academic year,Provisional,National,E92000001,England,All schools,Latin,GCSE,Covid impacted,61
202223,Academic year,Provisional,National,E92000001,England,All schools,Mathematics,GCSE,Total exam entries,614663
202223,Academic year,Provisional,National,E92000001,England,All schools,Mathematics,GCSE,9,25114
202223,Academic year,Provisional,National,E92000001,England,All schools,Mathematics,GCSE,8,46902
202223,Academic year,Provisional,National,E92000001,England,All schools,Mathematics,GCSE,7,57543
202223,Academic year,Provisional,National,E92000001,England,All schools,Mathematics,GCSE,6,75335
202223,Academic year,Provisional,National,E92000001,England,All schools,Mathematics,GCSE,5,115025
202223,Academic year,Provisional,National,E92000001,England,All schools,Mathematics,GCSE,4,120689
202223,Academic year,Provisional,National,E92000001,England,All schools,Mathematics,GCSE,3,74164
202223,Academic year,Provisional,National,E92000001,England,All schools,Mathematics,GCSE,2,50257
202223,Academic year,Provisional,National,E92000001,England,All schools,Mathematics,GCSE,1,32677
202223,Academic year,Provisional,National,E92000001,England,All schools,Mathematics,GCSE,U,11127
202223,Academic year,Provisional,National,E92000001,England,All schools,Mathematics,GCSE,X,5713
202223,Academic year,Provisional,National,E92000001,England,All schools,Mathematics,GCSE,Covid impacted,117
202223,Academic year,Provisional,National,E92000001,England,All schools,Mathematics & science,GCSE,Total exam entries,600968
202223,Academic year,Provisional,National,E92000001,England,All schools,Mathematics & science,GCSE,9,z
202223,Academic year,Provisional,National,E92000001,England,All schools,Mathematics & science,GCSE,8,z
202223,Academic year,Provisional,National,E92000001,England,All schools,Mathematics & science,GCSE,7,z
202223,Academic year,Provisional,National,E92000001,England,All schools,Mathematics & science,GCSE,6,z
202223,Academic year,Provisional,National,E92000001,England,All schools,Mathematics & science,GCSE,5,z
202223,Academic year,Provisional,National,E92000001,England,All schools,Mathematics & science,GCSE,4,z
202223,Academic year,Provisional,National,E92000001,England,All schools,Mathematics & science,GCSE,3,z
202223,Academic year,Provisional,National,E92000001,England,All schools,Mathematics & science,GCSE,2,z
202223,Academic year,Provisional,National,E92000001,England,All schools,Mathematics & science,GCSE,1,z
202223,Academic year,Provisional,National,E92000001,England,All schools,Mathematics & science,GCSE,U,z
202223,Academic year,Provisional,National,E92000001,England,All schools,Mathematics & science,GCSE,X,z
202223,Academic year,Provisional,National,E92000001,England,All schools,Mathematics & science,GCSE,Covid impacted,z
202223,Academic year,Provisional,National,E92000001,England,All schools,Media/Film/TV,GCSE,Total exam entries,26988
202223,Academic year,Provisional,National,E92000001,England,All schools,Media/Film/TV,GCSE,9,967
202223,Academic year,Provisional,National,E92000001,England,All schools,Media/Film/TV,GCSE,8,1699
202223,Academic year,Provisional,National,E92000001,England,All schools,Media/Film/TV,GCSE,7,2564
202223,Academic year,Provisional,National,E92000001,England,All schools,Media/Film/TV,GCSE,6,4557
202223,Academic year,Provisional,National,E92000001,England,All schools,Media/Film/TV,GCSE,5,4688
202223,Academic year,Provisional,National,E92000001,England,All schools,Media/Film/TV,GCSE,4,4202
202223,Academic year,Provisional,National,E92000001,England,All schools,Media/Film/TV,GCSE,3,4540
202223,Academic year,Provisional,National,E92000001,England,All schools,Media/Film/TV,GCSE,2,2260
202223,Academic year,Provisional,National,E92000001,England,All schools,Media/Film/TV,GCSE,1,1003
202223,Academic year,Provisional,National,E92000001,England,All schools,Media/Film/TV,GCSE,U,401
202223,Academic year,Provisional,National,E92000001,England,All schools,Media/Film/TV,GCSE,X,99
202223,Academic year,Provisional,National,E92000001,England,All schools,Media/Film/TV,GCSE,Covid impacted,8
202223,Academic year,Provisional,National,E92000001,England,All schools,Music,GCSE,Total exam entries,29870
202223,Academic year,Provisional,National,E92000001,England,All schools,Music,GCSE,9,2788
202223,Academic year,Provisional,National,E92000001,England,All schools,Music,GCSE,8,3232
202223,Academic year,Provisional,National,E92000001,England,All schools,Music,GCSE,7,3948
202223,Academic year,Provisional,National,E92000001,England,All schools,Music,GCSE,6,5148
202223,Academic year,Provisional,National,E92000001,England,All schools,Music,GCSE,5,4221
202223,Academic year,Provisional,National,E92000001,England,All schools,Music,GCSE,4,3387
202223,Academic year,Provisional,National,E92000001,England,All schools,Music,GCSE,3,3972
202223,Academic year,Provisional,National,E92000001,England,All schools,Music,GCSE,2,1933
202223,Academic year,Provisional,National,E92000001,England,All schools,Music,GCSE,1,680
202223,Academic year,Provisional,National,E92000001,England,All schools,Music,GCSE,U,434
202223,Academic year,Provisional,National,E92000001,England,All schools,Music,GCSE,X,80
202223,Academic year,Provisional,National,E92000001,England,All schools,Music,GCSE,Covid impacted,47
202223,Academic year,Provisional,National,E92000001,England,All schools,Other Modern Languages,GCSE,Total exam entries,34328
202223,Academic year,Provisional,National,E92000001,England,All schools,Other Modern Languages,GCSE,9,11526
202223,Academic year,Provisional,National,E92000001,England,All schools,Other Modern Languages,GCSE,8,6418
202223,Academic year,Provisional,National,E92000001,England,All schools,Other Modern Languages,GCSE,7,4241
202223,Academic year,Provisional,National,E92000001,England,All schools,Other Modern Languages,GCSE,6,2643
202223,Academic year,Provisional,National,E92000001,England,All schools,Other Modern Languages,GCSE,5,3288
202223,Academic year,Provisional,National,E92000001,England,All schools,Other Modern Languages,GCSE,4,1630
202223,Academic year,Provisional,National,E92000001,England,All schools,Other Modern Languages,GCSE,3,1204
202223,Academic year,Provisional,National,E92000001,England,All schools,Other Modern Languages,GCSE,2,570
202223,Academic year,Provisional,National,E92000001,England,All schools,Other Modern Languages,GCSE,1,287
202223,Academic year,Provisional,National,E92000001,England,All schools,Other Modern Languages,GCSE,U,672
202223,Academic year,Provisional,National,E92000001,England,All schools,Other Modern Languages,GCSE,X,204
202223,Academic year,Provisional,National,E92000001,England,All schools,Other Modern Languages,GCSE,Covid impacted,1645
202223,Academic year,Provisional,National,E92000001,England,All schools,Other Sciences,GCSE,Total exam entries,2213
202223,Academic year,Provisional,National,E92000001,England,All schools,Other Sciences,GCSE,9,381
202223,Academic year,Provisional,National,E92000001,England,All schools,Other Sciences,GCSE,8,323
202223,Academic year,Provisional,National,E92000001,England,All schools,Other Sciences,GCSE,7,301
202223,Academic year,Provisional,National,E92000001,England,All schools,Other Sciences,GCSE,6,314
202223,Academic year,Provisional,National,E92000001,England,All schools,Other Sciences,GCSE,5,257
202223,Academic year,Provisional,National,E92000001,England,All schools,Other Sciences,GCSE,4,218
202223,Academic year,Provisional,National,E92000001,England,All schools,Other Sciences,GCSE,3,181
202223,Academic year,Provisional,National,E92000001,England,All schools,Other Sciences,GCSE,2,107
202223,Academic year,Provisional,National,E92000001,England,All schools,Other Sciences,GCSE,1,81
202223,Academic year,Provisional,National,E92000001,England,All schools,Other Sciences,GCSE,U,37
202223,Academic year,Provisional,National,E92000001,England,All schools,Other Sciences,GCSE,X,9
202223,Academic year,Provisional,National,E92000001,England,All schools,Other Sciences,GCSE,Covid impacted,4
202223,Academic year,Provisional,National,E92000001,England,All schools,Physical Education,GCSE,Total exam entries,74017
202223,Academic year,Provisional,National,E92000001,England,All schools,Physical Education,GCSE,9,3296
202223,Academic year,Provisional,National,E92000001,England,All schools,Physical Education,GCSE,8,5544
202223,Academic year,Provisional,National,E92000001,England,All schools,Physical Education,GCSE,7,8061
202223,Academic year,Provisional,National,E92000001,England,All schools,Physical Education,GCSE,6,13247
202223,Academic year,Provisional,National,E92000001,England,All schools,Physical Education,GCSE,5,12752
202223,Academic year,Provisional,National,E92000001,England,All schools,Physical Education,GCSE,4,10713
202223,Academic year,Provisional,National,E92000001,England,All schools,Physical Education,GCSE,3,12996
202223,Academic year,Provisional,National,E92000001,England,All schools,Physical Education,GCSE,2,5300
202223,Academic year,Provisional,National,E92000001,England,All schools,Physical Education,GCSE,1,1629
202223,Academic year,Provisional,National,E92000001,England,All schools,Physical Education,GCSE,U,345
202223,Academic year,Provisional,National,E92000001,England,All schools,Physical Education,GCSE,X,117
202223,Academic year,Provisional,National,E92000001,England,All schools,Physical Education,GCSE,Covid impacted,17
202223,Academic year,Provisional,National,E92000001,England,All schools,Physics,GCSE,Total exam entries,170230
202223,Academic year,Provisional,National,E92000001,England,All schools,Physics,GCSE,9,22410
202223,Academic year,Provisional,National,E92000001,England,All schools,Physics,GCSE,8,24598
202223,Academic year,Provisional,National,E92000001,England,All schools,Physics,GCSE,7,26373
202223,Academic year,Provisional,National,E92000001,England,All schools,Physics,GCSE,6,33906
202223,Academic year,Provisional,National,E92000001,England,All schools,Physics,GCSE,5,28744
202223,Academic year,Provisional,National,E92000001,England,All schools,Physics,GCSE,4,17022
202223,Academic year,Provisional,National,E92000001,England,All schools,Physics,GCSE,3,11242
202223,Academic year,Provisional,National,E92000001,England,All schools,Physics,GCSE,2,2726
202223,Academic year,Provisional,National,E92000001,England,All schools,Physics,GCSE,1,821
202223,Academic year,Provisional,National,E92000001,England,All schools,Physics,GCSE,U,1818
202223,Academic year,Provisional,National,E92000001,England,All schools,Physics,GCSE,X,490
202223,Academic year,Provisional,National,E92000001,England,All schools,Physics,GCSE,Covid impacted,80
202223,Academic year,Provisional,National,E92000001,England,All schools,Religious Studies,GCSE,Total exam entries,224466
202223,Academic year,Provisional,National,E92000001,England,All schools,Religious Studies,GCSE,9,17726
202223,Academic year,Provisional,National,E92000001,England,All schools,Religious Studies,GCSE,8,24148
202223,Academic year,Provisional,National,E92000001,England,All schools,Religious Studies,GCSE,7,27225
202223,Academic year,Provisional,National,E92000001,England,All schools,Religious Studies,GCSE,6,37217
202223,Academic year,Provisional,National,E92000001,England,All schools,Religious Studies,GCSE,5,31272
202223,Academic year,Provisional,National,E92000001,England,All schools,Religious Studies,GCSE,4,24189
202223,Academic year,Provisional,National,E92000001,England,All schools,Religious Studies,GCSE,3,30118
202223,Academic year,Provisional,National,E92000001,England,All schools,Religious Studies,GCSE,2,17671
202223,Academic year,Provisional,National,E92000001,England,All schools,Religious Studies,GCSE,1,9711
202223,Academic year,Provisional,National,E92000001,England,All schools,Religious Studies,GCSE,U,3514
202223,Academic year,Provisional,National,E92000001,England,All schools,Religious Studies,GCSE,X,1474
202223,Academic year,Provisional,National,E92000001,England,All schools,Religious Studies,GCSE,Covid impacted,201
202223,Academic year,Provisional,National,E92000001,England,All schools,Social Studies,GCSE,Total exam entries,67430
202223,Academic year,Provisional,National,E92000001,England,All schools,Social Studies,GCSE,9,2383
202223,Academic year,Provisional,National,E92000001,England,All schools,Social Studies,GCSE,8,4703
202223,Academic year,Provisional,National,E92000001,England,All schools,Social Studies,GCSE,7,6478
202223,Academic year,Provisional,National,E92000001,England,All schools,Social Studies,GCSE,6,10813
202223,Academic year,Provisional,National,E92000001,England,All schools,Social Studies,GCSE,5,10853
202223,Academic year,Provisional,National,E92000001,England,All schools,Social Studies,GCSE,4,9578
202223,Academic year,Provisional,National,E92000001,England,All schools,Social Studies,GCSE,3,10174
202223,Academic year,Provisional,National,E92000001,England,All schools,Social Studies,GCSE,2,6565
202223,Academic year,Provisional,National,E92000001,England,All schools,Social Studies,GCSE,1,3818
202223,Academic year,Provisional,National,E92000001,England,All schools,Social Studies,GCSE,U,1247
202223,Academic year,Provisional,National,E92000001,England,All schools,Social Studies,GCSE,X,700
202223,Academic year,Provisional,National,E92000001,England,All schools,Social Studies,GCSE,Covid impacted,118
202223,Academic year,Provisional,National,E92000001,England,All schools,Spanish,GCSE,Total exam entries,120059
202223,Academic year,Provisional,National,E92000001,England,All schools,Spanish,GCSE,9,7486
202223,Academic year,Provisional,National,E92000001,England,All schools,Spanish,GCSE,8,9503
202223,Academic year,Provisional,National,E92000001,England,All schools,Spanish,GCSE,7,13530
202223,Academic year,Provisional,National,E92000001,England,All schools,Spanish,GCSE,6,11429
202223,Academic year,Provisional,National,E92000001,England,All schools,Spanish,GCSE,5,21893
202223,Academic year,Provisional,National,E92000001,England,All schools,Spanish,GCSE,4,17880
202223,Academic year,Provisional,National,E92000001,England,All schools,Spanish,GCSE,3,21952
202223,Academic year,Provisional,National,E92000001,England,All schools,Spanish,GCSE,2,9028
202223,Academic year,Provisional,National,E92000001,England,All schools,Spanish,GCSE,1,3141
202223,Academic year,Provisional,National,E92000001,England,All schools,Spanish,GCSE,U,2561
202223,Academic year,Provisional,National,E92000001,England,All schools,Spanish,GCSE,X,568
202223,Academic year,Provisional,National,E92000001,England,All schools,Spanish,GCSE,Covid impacted,1088
202223,Academic year,Provisional,National,E92000001,England,All schools,Statistics,GCSE,Total exam entries,25637
202223,Academic year,Provisional,National,E92000001,England,All schools,Statistics,GCSE,9,1219
202223,Academic year,Provisional,National,E92000001,England,All schools,Statistics,GCSE,8,1943
202223,Academic year,Provisional,National,E92000001,England,All schools,Statistics,GCSE,7,2319
202223,Academic year,Provisional,National,E92000001,England,All schools,Statistics,GCSE,6,3060
202223,Academic year,Provisional,National,E92000001,England,All schools,Statistics,GCSE,5,4662
202223,Academic year,Provisional,National,E92000001,England,All schools,Statistics,GCSE,4,4681
202223,Academic year,Provisional,National,E92000001,England,All schools,Statistics,GCSE,3,3296
202223,Academic year,Provisional,National,E92000001,England,All schools,Statistics,GCSE,2,1984
202223,Academic year,Provisional,National,E92000001,England,All schools,Statistics,GCSE,1,1221
202223,Academic year,Provisional,National,E92000001,England,All schools,Statistics,GCSE,U,581
202223,Academic year,Provisional,National,E92000001,England,All schools,Statistics,GCSE,X,538
202223,Academic year,Provisional,National,E92000001,England,All schools,Statistics,GCSE,Covid impacted,133
