time_period,time_identifier,geographic_level,country_code,country_name,region_code,region_name,lad_name,lad_code,version,level_methodology,establishment_type,t_schools,t_pupils,t_att8,avg_att8,t_entbasics,pt_entbasics,t_l2basics_95,pt_l2basics_95,t_l2basics_94,pt_l2basics_94,t_ebacc_e_ptq_ee,pt_ebacc_e_ptq_ee,t_ebaccaps,avg_ebaccaps,t_ebacc_95,pt_ebacc_95,t_ebacc_94,pt_ebacc_94,t_inp8calc,t_p8score,avg_p8score,p8score_ci_low,p8score_ci_upp
202223,Academic year,National,E92000001,England,,,,,Provisional,Pupil residency,State-funded schools (LA),4046,602650,27926896.83,46.3,580107,96.3,272855,45.3,392459,65.1,237488,39.4,2446630.96,4.06,102363,17,145943,24.2,567902,-14815.328,-0.03,-0.03,-0.02
202223,Academic year,Regional,E92000001,England,E12000001,North East,,,Provisional,Pupil residency,State-funded schools (LA),206,27750,1233398.5,44.4,26528,95.6,11573,41.7,17254,62.2,10251,36.9,106227.61,3.83,4084,14.7,6185,22.3,26855,-7239.928,-0.27,-0.29,-0.25
202223,Academic year,Regional,E92000001,England,E12000002,North West,,,Provisional,Pupil residency,State-funded schools (LA),617,82905,3687308.25,44.5,79614,96,34388,41.5,51459,62.1,30067,36.3,319069.3,3.85,11587,14,17181,20.7,78475,-15705.982,-0.2,-0.21,-0.19
202223,Academic year,Regional,E92000001,England,E12000003,Yorkshire and The Humber,,,Provisional,Pupil residency,State-funded schools (LA),451,60913,2723264.38,44.7,58577,96.2,25944,42.6,38156,62.6,22765,37.4,235996.9,3.87,9249,15.2,13570,22.3,58374,-3341.452,-0.06,-0.07,-0.05
202223,Academic year,Regional,E92000001,England,E12000004,East Midlands,,,Provisional,Pupil residency,State-funded schools (LA),551,53003,2387429.02,45,51133,96.5,22482,42.4,33582,63.4,19217,36.3,208711.03,3.94,8109,15.3,11757,22.2,50362,-2317.043,-0.05,-0.06,-0.03
202223,Academic year,Regional,E92000001,England,E12000005,West Midlands,,,Provisional,Pupil residency,State-funded schools (LA),544,67816,3039060.5,44.8,65352,96.4,28222,41.6,41895,61.8,24243,35.7,261747.34,3.86,9168,13.5,13648,20.1,64209,-5582.146,-0.09,-0.1,-0.08
202223,Academic year,Regional,E92000001,England,E12000006,East of England,,,Provisional,Pupil residency,State-funded schools (LA),698,67856,3151109.42,46.4,65461,96.5,30741,45.3,44760,66,26531,39.1,277156.31,4.08,11746,17.3,16626,24.5,64383,417.778,0.01,0,0.02
202223,Academic year,Regional,E92000001,England,E12000007,London,,,Provisional,Pupil residency,State-funded schools (LA),800,90366,4583174.64,50.7,87244,96.5,48981,54.2,64367,71.2,50226,55.6,415187.12,4.59,22838,25.3,31226,34.6,82079,22387.843,0.27,0.26,0.28
202223,Academic year,Regional,E92000001,England,E12000008,South East,,,Provisional,Pupil residency,State-funded schools (LA),937,96185,4544830.08,47.3,92459,96.1,45637,47.4,64531,67.1,36599,38.1,399756.46,4.16,17680,18.4,24442,25.4,90069,-2146.223,-0.02,-0.03,-0.01
202223,Academic year,Regional,E92000001,England,E12000009,South West,,,Provisional,Pupil residency,State-funded schools (LA),435,55856,2577322.04,46.1,53739,96.2,24887,44.6,36455,65.3,17589,31.5,222778.89,3.99,7902,14.1,11308,20.2,53096,-1288.175,-0.02,-0.04,-0.01
202223,Academic year,Regional,E92000001,England,E13000001,Inner London,,,Provisional,Pupil residency,State-funded schools (LA),528,29023,1442994.8,49.7,27929,96.2,15150,52.2,20173,69.5,17030,58.7,130796.27,4.51,7072,24.4,9845,33.9,26421,5656.379,0.21,0.2,0.23
202223,Academic year,Regional,E92000001,England,E13000002,Outer London,,,Provisional,Pupil residency,State-funded schools (LA),780,61343,3140179.84,51.2,59315,96.7,33831,55.2,44194,72,33196,54.1,284390.85,4.64,15766,25.7,21381,34.9,55658,16731.464,0.3,0.29,0.31
202223,Academic year,Local authority district,E92000001,England,E12000001,North East,Hartlepool,E06000001,Provisional,Pupil residency,State-funded schools (LA),25,1114,45883.75,41.2,1062,95.3,420,37.7,661,59.3,383,34.4,3919.02,3.52,115,10.3,187,16.8,1091,-506.509,-0.46,-0.55,-0.38
202223,Academic year,Local authority district,E92000001,England,E12000001,North East,Middlesbrough,E06000002,Provisional,Pupil residency,State-funded schools (LA),32,1740,71375.75,41,1656,95.2,611,35.1,1000,57.5,599,34.4,6095.79,3.5,207,11.9,333,19.1,1632,-684.499,-0.42,-0.49,-0.35
202223,Academic year,Local authority district,E92000001,England,E12000001,North East,Redcar and Cleveland,E06000003,Provisional,Pupil residency,State-funded schools (LA),26,1455,65343.25,44.9,1400,96.2,665,45.7,943,64.8,586,40.3,5744.39,3.95,254,17.5,388,26.7,1420,-484.132,-0.34,-0.41,-0.27
202223,Academic year,Local authority district,E92000001,England,E12000001,North East,Stockton-on-Tees,E06000004,Provisional,Pupil residency,State-funded schools (LA),42,2319,105943.25,45.7,2207,95.2,1084,46.7,1558,67.2,1008,43.5,9230.81,3.98,397,17.1,639,27.6,2259,-431.516,-0.19,-0.25,-0.13
202223,Academic year,Local authority district,E92000001,England,E12000001,North East,Darlington,E06000005,Provisional,Pupil residency,State-funded schools (LA),34,1162,53044.25,45.6,1124,96.7,524,45.1,747,64.3,418,36,4525.71,3.89,168,14.5,260,22.4,1136,-271.642,-0.24,-0.32,-0.16
202223,Academic year,Local authority district,E92000001,England,E12000002,North West,Halton,E06000006,Provisional,Pupil residency,State-funded schools (LA),43,1524,65247.5,42.8,1461,95.9,582,38.2,897,58.9,310,20.3,5368.05,3.52,140,9.2,196,12.9,1482,-443.276,-0.3,-0.37,-0.23
202223,Academic year,Local authority district,E92000001,England,E12000002,North West,Warrington,E06000007,Provisional,Pupil residency,State-funded schools (LA),56,2477,119896.75,48.4,2400,96.9,1180,47.6,1726,69.7,1010,40.8,10478.47,4.23,428,17.3,610,24.6,2350,-146.768,-0.06,-0.12,-0.01
202223,Academic year,Local authority district,E92000001,England,E12000002,North West,Blackburn with Darwen,E06000008,Provisional,Pupil residency,State-funded schools (LA),48,2139,96072.53,44.9,2057,96.2,941,44,1358,63.5,1039,48.6,8489.54,3.97,375,17.5,561,26.2,2021,-165.436,-0.08,-0.14,-0.02
202223,Academic year,Local authority district,E92000001,England,E12000002,North West,Blackpool,E06000009,Provisional,Pupil residency,State-funded schools (LA),26,1490,53837,36.1,1382,92.8,421,28.3,710,47.7,281,18.9,4433.92,2.98,90,6,129,8.7,1432,-1160.936,-0.81,-0.88,-0.74
202223,Academic year,Local authority district,E92000001,England,E12000003,Yorkshire and The Humber,"Kingston upon Hull, City of",E06000010,Provisional,Pupil residency,State-funded schools (LA),35,3083,130097.5,42.2,2949,95.7,1143,37.1,1740,56.4,1398,45.3,11295.75,3.66,428,13.9,726,23.5,2938,-1378.127,-0.47,-0.52,-0.42
202223,Academic year,Local authority district,E92000001,England,E12000003,Yorkshire and The Humber,East Riding of Yorkshire,E06000011,Provisional,Pupil residency,State-funded schools (LA),67,3401,157647.5,46.4,3310,97.3,1537,45.2,2281,67.1,1248,36.7,13765.26,4.05,541,15.9,784,23.1,3322,-46.996,-0.01,-0.06,0.03
202223,Academic year,Local authority district,E92000001,England,E12000003,Yorkshire and The Humber,North East Lincolnshire,E06000012,Provisional,Pupil residency,State-funded schools (LA),25,1798,74879.75,41.6,1732,96.3,619,34.4,1042,58,662,36.8,6593.5,3.67,231,12.8,367,20.4,1750,-758.707,-0.43,-0.5,-0.37
202223,Academic year,Local authority district,E92000001,England,E12000003,Yorkshire and The Humber,North Lincolnshire,E06000013,Provisional,Pupil residency,State-funded schools (LA),37,1904,83302.38,43.8,1843,96.8,758,39.8,1216,63.9,712,37.4,7108.41,3.73,241,12.7,384,20.2,1852,-267.859,-0.14,-0.21,-0.08
202223,Academic year,Local authority district,E92000001,England,E12000003,Yorkshire and The Humber,York,E06000014,Provisional,Pupil residency,State-funded schools (LA),17,1772,86166.75,48.6,1728,97.5,866,48.9,1227,69.2,738,41.6,7643.72,4.31,353,19.9,472,26.6,1684,151.844,0.09,0.02,0.16
202223,Academic year,Local authority district,E92000001,England,E12000004,East Midlands,Derby,E06000015,Provisional,Pupil residency,State-funded schools (LA),55,3201,134974.25,42.2,3057,95.5,1216,38,1858,58,1152,36,11870.93,3.71,462,14.4,682,21.3,3020,-550.751,-0.18,-0.23,-0.13
202223,Academic year,Local authority district,E92000001,England,E12000004,East Midlands,Leicester,E06000016,Provisional,Pupil residency,State-funded schools (LA),57,4690,210164,44.8,4473,95.4,1954,41.7,2799,59.7,1830,39,18441.29,3.93,769,16.4,1093,23.3,4177,378.093,0.09,0.05,0.13
202223,Academic year,Local authority district,E92000001,England,E12000004,East Midlands,Rutland,E06000017,Provisional,Pupil residency,State-funded schools (LA),18,322,15989.25,49.7,313,97.2,171,53.1,233,72.4,147,45.7,1443.2,4.48,71,22,98,30.4,304,94.921,0.31,0.15,0.47
202223,Academic year,Local authority district,E92000001,England,E12000004,East Midlands,Nottingham,E06000018,Provisional,Pupil residency,State-funded schools (LA),59,3438,146677,42.7,3291,95.7,1215,35.3,1977,57.5,982,28.6,12601.1,3.67,372,10.8,567,16.5,3161,-756.408,-0.24,-0.29,-0.19
202223,Academic year,Local authority district,E92000001,England,E12000005,West Midlands,"Herefordshire, County of",E06000019,Provisional,Pupil residency,State-funded schools (LA),38,1740,77356.75,44.5,1685,96.8,726,41.7,1117,64.2,483,27.8,6677.42,3.84,231,13.3,330,19,1675,-455.199,-0.27,-0.34,-0.2
202223,Academic year,Local authority district,E92000001,England,E12000005,West Midlands,Telford and Wrekin,E06000020,Provisional,Pupil residency,State-funded schools (LA),41,2280,98075.5,43,2218,97.3,834,36.6,1300,57,712,31.2,8483.85,3.72,295,12.9,442,19.4,2172,-838.61,-0.39,-0.45,-0.33
202223,Academic year,Local authority district,E92000001,England,E12000005,West Midlands,Stoke-on-Trent,E06000021,Provisional,Pupil residency,State-funded schools (LA),52,3109,124593.75,40.1,2961,95.2,1023,32.9,1661,53.4,964,31,10407.71,3.35,258,8.3,433,13.9,2969,-1065.849,-0.36,-0.41,-0.31
202223,Academic year,Local authority district,E92000001,England,E12000009,South West,Bath and North East Somerset,E06000022,Provisional,Pupil residency,State-funded schools (LA),36,1794,90092.5,50.2,1727,96.3,925,51.6,1299,72.4,767,42.8,7967.63,4.44,366,20.4,515,28.7,1709,516.62,0.3,0.24,0.37
202223,Academic year,Local authority district,E92000001,England,E12000009,South West,"Bristol, City of",E06000023,Provisional,Pupil residency,State-funded schools (LA),64,4255,191048.75,44.9,4054,95.3,1760,41.4,2653,62.4,1426,33.5,16615.41,3.9,576,13.5,843,19.8,3987,-215.97,-0.05,-0.1,-0.01
202223,Academic year,Local authority district,E92000001,England,E12000009,South West,North Somerset,E06000024,Provisional,Pupil residency,State-funded schools (LA),37,2311,107414.51,46.5,2217,95.9,1031,44.6,1544,66.8,689,29.8,9212.27,3.99,319,13.8,453,19.6,2225,-11.289,-0.01,-0.06,0.05
202223,Academic year,Local authority district,E92000001,England,E12000009,South West,South Gloucestershire,E06000025,Provisional,Pupil residency,State-funded schools (LA),70,2950,138773.75,47,2852,96.7,1336,45.3,1965,66.6,858,29.1,11911.78,4.04,398,13.5,587,19.9,2799,200.335,0.07,0.02,0.12
202223,Academic year,Local authority district,E92000001,England,E12000009,South West,Plymouth,E06000026,Provisional,Pupil residency,State-funded schools (LA),35,2795,120670,43.2,2678,95.8,1072,38.4,1618,57.9,730,26.1,10186.93,3.64,309,11.1,470,16.8,2679,-598.997,-0.22,-0.28,-0.17
202223,Academic year,Local authority district,E92000001,England,E12000009,South West,Torbay,E06000027,Provisional,Pupil residency,State-funded schools (LA),23,1422,62217.75,43.8,1334,93.8,586,41.2,871,61.3,285,20,5237.35,3.68,150,10.5,207,14.6,1355,-309.645,-0.23,-0.3,-0.15
202223,Academic year,Local authority district,E92000001,England,E12000009,South West,Swindon,E06000030,Provisional,Pupil residency,State-funded schools (LA),40,2814,128071.77,45.5,2707,96.2,1254,44.6,1842,65.5,793,28.2,11106.59,3.95,370,13.1,536,19,2573,-4.113,0,-0.06,0.05
202223,Academic year,Local authority district,E92000001,England,E12000006,East of England,Peterborough,E06000031,Provisional,Pupil residency,State-funded schools (LA),37,2740,118422,43.2,2622,95.7,1015,37,1638,59.8,569,20.8,10006.85,3.65,272,9.9,384,14,2534,163.497,0.06,0.01,0.12
202223,Academic year,Local authority district,E92000001,England,E12000006,East of England,Luton,E06000032,Provisional,Pupil residency,State-funded schools (LA),61,3111,139404.25,44.8,3015,96.9,1379,44.3,1952,62.7,1298,41.7,12277.23,3.95,501,16.1,735,23.6,2849,315.618,0.11,0.06,0.16
202223,Academic year,Local authority district,E92000001,England,E12000006,East of England,Southend-on-Sea,E06000033,Provisional,Pupil residency,State-funded schools (LA),41,2032,97394.01,47.9,1950,96,970,47.7,1347,66.3,1001,49.3,8590.33,4.23,436,21.5,588,28.9,1937,-280.675,-0.14,-0.21,-0.08
202223,Academic year,Local authority district,E92000001,England,E12000006,East of England,Thurrock,E06000034,Provisional,Pupil residency,State-funded schools (LA),99,2401,109188.5,45.5,2338,97.4,1098,45.7,1556,64.8,1071,44.6,9604.11,4,445,18.5,642,26.7,2271,-188.08,-0.08,-0.14,-0.02
202223,Academic year,Local authority district,E92000001,England,E12000008,South East,Medway,E06000035,Provisional,Pupil residency,State-funded schools (LA),97,3302,146069.63,44.2,3188,96.5,1337,40.5,1979,59.9,1231,37.3,12758.62,3.86,568,17.2,835,25.3,3127,-459.315,-0.15,-0.2,-0.1
202223,Academic year,Local authority district,E92000001,England,E12000008,South East,Bracknell Forest,E06000036,Provisional,Pupil residency,State-funded schools (LA),51,1380,65200.63,47.2,1327,96.2,637,46.2,908,65.8,491,35.6,5700.87,4.13,239,17.3,331,24,1290,27.666,0.02,-0.06,0.1
202223,Academic year,Local authority district,E92000001,England,E12000008,South East,West Berkshire,E06000037,Provisional,Pupil residency,State-funded schools (LA),41,1674,83111,49.6,1624,97,849,50.7,1190,71.1,806,48.1,7425.44,4.44,367,21.9,531,31.7,1564,398.738,0.25,0.18,0.32
202223,Academic year,Local authority district,E92000001,England,E12000008,South East,Reading,E06000038,Provisional,Pupil residency,State-funded schools (LA),47,1735,78964.38,45.5,1667,96.1,765,44.1,1076,62,644,37.1,6961.45,4.01,286,16.5,397,22.9,1542,-96.844,-0.06,-0.13,0.01
202223,Academic year,Local authority district,E92000001,England,E12000008,South East,Slough,E06000039,Provisional,Pupil residency,State-funded schools (LA),71,2364,114476.5,48.4,2275,96.2,1167,49.4,1582,66.9,1015,42.9,10134.88,4.29,453,19.2,601,25.4,2101,128.665,0.06,0,0.12
202223,Academic year,Local authority district,E92000001,England,E12000008,South East,Windsor and Maidenhead,E06000040,Provisional,Pupil residency,State-funded schools (LA),54,1563,83519.5,53.4,1538,98.4,937,59.9,1210,77.4,744,47.6,7600.14,4.86,420,26.9,550,35.2,1394,332.614,0.24,0.16,0.31
202223,Academic year,Local authority district,E92000001,England,E12000008,South East,Wokingham,E06000041,Provisional,Pupil residency,State-funded schools (LA),46,2034,111970.13,55,1970,96.9,1288,63.3,1611,79.2,1032,50.7,10129.6,4.98,613,30.1,774,38.1,1833,783.588,0.43,0.36,0.49
202223,Academic year,Local authority district,E92000001,England,E12000008,South East,Milton Keynes,E06000042,Provisional,Pupil residency,State-funded schools (LA),53,3672,168379,45.9,3551,96.7,1651,45,2436,66.3,1291,35.2,14757.7,4.02,500,13.6,739,20.1,3382,-351.87,-0.1,-0.15,-0.06
202223,Academic year,Local authority district,E92000001,England,E12000008,South East,Brighton and Hove,E06000043,Provisional,Pupil residency,State-funded schools (LA),30,2350,112230.01,47.8,2254,95.9,1165,49.6,1640,69.8,1188,50.6,10178.01,4.33,495,21.1,738,31.4,2217,7.198,0,-0.06,0.06
202223,Academic year,Local authority district,E92000001,England,E12000008,South East,Portsmouth,E06000044,Provisional,Pupil residency,State-funded schools (LA),39,2110,81496.25,38.6,1996,94.6,656,31.1,1107,52.5,722,34.2,7015.03,3.32,208,9.9,342,16.2,1986,-894.407,-0.45,-0.51,-0.39
202223,Academic year,Local authority district,E92000001,England,E12000008,South East,Southampton,E06000045,Provisional,Pupil residency,State-funded schools (LA),43,2476,106785.5,43.1,2351,95,960,38.8,1461,59,799,32.3,9199.28,3.72,319,12.9,465,18.8,2326,-723.402,-0.31,-0.37,-0.25
202223,Academic year,Local authority district,E92000001,England,E12000008,South East,Isle of Wight,E06000046,Provisional,Pupil residency,State-funded schools (LA),9,1236,50600.5,40.9,1187,96,447,36.2,716,57.9,466,37.7,4286.03,3.47,115,9.3,176,14.2,1191,-289.637,-0.24,-0.32,-0.16
202223,Academic year,Local authority district,E92000001,England,E12000001,North East,County Durham,E06000047,Provisional,Pupil residency,State-funded schools (LA),98,5456,248081,45.5,5228,95.8,2252,41.3,3364,61.7,1792,32.8,20935.59,3.84,807,14.8,1194,21.9,5313,-936.821,-0.18,-0.21,-0.14
202223,Academic year,Local authority district,E92000001,England,E12000002,North West,Cheshire East,E06000049,Provisional,Pupil residency,State-funded schools (LA),91,4020,189464.25,47.1,3900,97,1873,46.6,2729,67.9,1455,36.2,16326.5,4.06,573,14.3,832,20.7,3841,-314.502,-0.08,-0.13,-0.04
202223,Academic year,Local authority district,E92000001,England,E12000002,North West,Cheshire West and Chester,E06000050,Provisional,Pupil residency,State-funded schools (LA),77,3672,169092.25,46,3520,95.9,1626,44.3,2406,65.5,1635,44.5,14924.41,4.06,669,18.2,1008,27.5,3495,-297.499,-0.09,-0.13,-0.04
202223,Academic year,Local authority district,E92000001,England,E12000005,West Midlands,Shropshire,E06000051,Provisional,Pupil residency,State-funded schools (LA),68,2852,126207.75,44.3,2776,97.3,1120,39.3,1765,61.9,904,31.7,10912.07,3.83,352,12.3,531,18.6,2717,-750.332,-0.28,-0.33,-0.22
202223,Academic year,Local authority district,E92000001,England,E12000009,South West,Cornwall,E06000052,Provisional,Pupil residency,State-funded schools (LA),52,5663,252249.25,44.5,5479,96.8,2264,40,3507,61.9,1370,24.2,21181.58,3.74,530,9.4,793,14,5503,-563.208,-0.1,-0.14,-0.07
202223,Academic year,Local authority district,E92000001,England,E12000009,South West,Isles of Scilly,E06000053,Provisional,Pupil residency,State-funded schools (LA),1,32,1701.5,53.2,29,90.6,20,62.5,25,78.1,10,31.3,142.17,4.44,2,6.3,3,9.4,31,22.609,0.73,0.23,1.23
202223,Academic year,Local authority district,E92000001,England,E12000009,South West,Wiltshire,E06000054,Provisional,Pupil residency,State-funded schools (LA),85,5143,236757.38,46,4962,96.5,2248,43.7,3337,64.9,1657,32.2,20572.03,4,758,14.7,1081,21,4886,-244.011,-0.05,-0.09,-0.01
202223,Academic year,Local authority district,E92000001,England,E12000006,East of England,Bedford,E06000055,Provisional,Pupil residency,State-funded schools (LA),39,1987,86914.75,43.7,1915,96.4,810,40.8,1247,62.8,739,37.2,7577.41,3.81,263,13.2,398,20,1759,249.742,0.14,0.08,0.21
202223,Academic year,Local authority district,E92000001,England,E12000006,East of England,Central Bedfordshire,E06000056,Provisional,Pupil residency,State-funded schools (LA),97,3165,142473.75,45,3072,97.1,1383,43.7,2045,64.6,945,29.9,12182.69,3.85,348,11,509,16.1,3076,-286.876,-0.09,-0.14,-0.04
202223,Academic year,Local authority district,E92000001,England,E12000001,North East,Northumberland,E06000057,Provisional,Pupil residency,State-funded schools (LA),50,3060,135789,44.4,2932,95.8,1314,42.9,1930,63.1,827,27,11582.61,3.79,352,11.5,513,16.8,2969,-546.346,-0.18,-0.23,-0.13
202223,Academic year,Local authority district,E92000001,England,E12000009,South West,"Bournemouth, Christchurch and Poole",E06000058,Provisional,Pupil residency,State-funded schools (LA),43,3696,182933.75,49.5,3592,97.2,1949,52.7,2665,72.1,1480,40,16153.86,4.37,785,21.2,1076,29.1,3440,645.659,0.19,0.14,0.23
202223,Academic year,Local authority district,E92000001,England,E12000009,South West,Dorset,E06000059,Provisional,Pupil residency,State-funded schools (LA),60,3623,161850.75,44.7,3468,95.7,1505,41.5,2323,64.1,1257,34.7,14026.04,3.87,488,13.5,751,20.7,3453,-275.345,-0.08,-0.13,-0.03
202223,Academic year,Local authority district,E92000001,England,E12000008,South East,Buckinghamshire,E06000060,Provisional,Pupil residency,State-funded schools (LA),152,6350,331749.5,52.2,6120,96.4,3560,56.1,4649,73.2,2519,39.7,29215.48,4.6,1533,24.1,1927,30.3,5877,1334.473,0.23,0.19,0.26
202223,Academic year,Local authority district,E92000001,England,E12000004,East Midlands,North Northamptonshire,E06000061,Provisional,Pupil residency,State-funded schools (LA),78,4206,186239,44.3,4043,96.1,1677,39.9,2583,61.4,1606,38.2,16407.72,3.9,623,14.8,955,22.7,4003,131.497,0.03,-0.01,0.08
202223,Academic year,Local authority district,E92000001,England,E12000004,East Midlands,West Northamptonshire,E06000062,Provisional,Pupil residency,State-funded schools (LA),86,4717,214282.25,45.4,4567,96.8,2082,44.1,3077,65.2,1759,37.3,18802.9,3.99,760,16.1,1086,23,4442,76.674,0.02,-0.02,0.06
202223,Academic year,Local authority district,E92000001,England,E12000002,North West,Cumberland,E06000063,Provisional,Pupil residency,State-funded schools (LA),26,2792,121293.25,43.4,2718,97.3,1061,38,1702,61,991,35.5,10671.89,3.82,377,13.5,543,19.4,2715,-749.15,-0.28,-0.33,-0.22
202223,Academic year,Local authority district,E92000001,England,E12000002,North West,Westmorland and Furness,E06000064,Provisional,Pupil residency,State-funded schools (LA),31,2190,100720,46,2116,96.6,926,42.3,1427,65.2,517,23.6,8665.18,3.96,255,11.6,343,15.7,2122,-242.836,-0.11,-0.17,-0.05
202223,Academic year,Local authority district,E92000001,England,E12000003,Yorkshire and The Humber,North Yorkshire,E06000065,Provisional,Pupil residency,State-funded schools (LA),127,5748,265168.5,46.1,5529,96.2,2566,44.6,3768,65.6,2314,40.3,23448.4,4.08,1084,18.9,1527,26.6,5471,33.263,0.01,-0.03,0.04
202223,Academic year,Local authority district,E92000001,England,E12000009,South West,Somerset,E06000066,Provisional,Pupil residency,State-funded schools (LA),77,5475,239045.88,43.7,5268,96.2,2162,39.5,3335,60.9,1491,27.2,20372.36,3.72,530,9.7,812,14.8,5241,-996.639,-0.19,-0.23,-0.15
202223,Academic year,Local authority district,E92000001,England,E12000006,East of England,Cambridge,E07000008,Provisional,Pupil residency,State-funded schools (LA),27,937,50837.25,54.3,896,95.6,548,58.5,689,73.5,476,50.8,4684.61,5,317,33.8,387,41.3,845,440.186,0.52,0.43,0.62
202223,Academic year,Local authority district,E92000001,England,E12000006,East of England,East Cambridgeshire,E07000009,Provisional,Pupil residency,State-funded schools (LA),25,935,45912.5,49.1,908,97.1,469,50.2,656,70.2,337,36,4051.21,4.33,154,16.5,217,23.2,899,211.664,0.24,0.14,0.33
202223,Academic year,Local authority district,E92000001,England,E12000006,East of England,Fenland,E07000010,Provisional,Pupil residency,State-funded schools (LA),39,1030,40690.25,39.5,984,95.5,338,32.8,573,55.6,228,22.1,3460.68,3.36,74,7.2,127,12.3,996,-249.256,-0.25,-0.34,-0.16
202223,Academic year,Local authority district,E92000001,England,E12000006,East of England,Huntingdonshire,E07000011,Provisional,Pupil residency,State-funded schools (LA),52,1806,83103,46,1753,97.1,754,41.7,1177,65.2,744,41.2,7404.18,4.1,310,17.2,479,26.5,1750,205.713,0.12,0.05,0.18
202223,Academic year,Local authority district,E92000001,England,E12000006,East of England,South Cambridgeshire,E07000012,Provisional,Pupil residency,State-funded schools (LA),42,1818,96837.75,53.3,1763,97,1046,57.5,1382,76,916,50.4,8862.97,4.88,545,30,695,38.2,1703,734.272,0.43,0.36,0.5
202223,Academic year,Local authority district,E92000001,England,E12000004,East Midlands,Amber Valley,E07000032,Provisional,Pupil residency,State-funded schools (LA),46,1348,61268,45.5,1296,96.1,590,43.8,876,65,565,41.9,5419.88,4.02,250,18.5,340,25.2,1318,-159.196,-0.12,-0.2,-0.04
202223,Academic year,Local authority district,E92000001,England,E12000004,East Midlands,Bolsover,E07000033,Provisional,Pupil residency,State-funded schools (LA),39,811,33276.25,41,782,96.4,282,34.8,461,56.8,249,30.7,2854.81,3.52,85,10.5,139,17.1,770,-314.66,-0.41,-0.51,-0.31
202223,Academic year,Local authority district,E92000001,England,E12000004,East Midlands,Chesterfield,E07000034,Provisional,Pupil residency,State-funded schools (LA),28,1097,50079.5,45.7,1057,96.4,480,43.8,710,64.7,284,25.9,4277.99,3.9,145,13.2,204,18.6,1066,-121.634,-0.11,-0.2,-0.03
202223,Academic year,Local authority district,E92000001,England,E12000004,East Midlands,Derbyshire Dales,E07000035,Provisional,Pupil residency,State-funded schools (LA),33,653,31446,48.2,633,96.9,314,48.1,458,70.1,171,26.2,2696.61,4.13,96,14.7,126,19.3,631,6.125,0.01,-0.1,0.12
202223,Academic year,Local authority district,E92000001,England,E12000004,East Midlands,Erewash,E07000036,Provisional,Pupil residency,State-funded schools (LA),49,1111,48108.75,43.3,1076,96.8,454,40.9,686,61.7,313,28.2,4158.85,3.74,140,12.6,205,18.5,1083,-303.679,-0.28,-0.36,-0.2
202223,Academic year,Local authority district,E92000001,England,E12000004,East Midlands,High Peak,E07000037,Provisional,Pupil residency,State-funded schools (LA),27,1008,44735.5,44.4,972,96.4,401,39.8,622,61.7,230,22.8,3807.66,3.78,99,9.8,140,13.9,988,-133.507,-0.14,-0.22,-0.05
202223,Academic year,Local authority district,E92000001,England,E12000004,East Midlands,North East Derbyshire,E07000038,Provisional,Pupil residency,State-funded schools (LA),44,1004,44827.5,44.6,969,96.5,445,44.3,655,65.2,380,37.8,3949,3.93,154,15.3,248,24.7,975,-181.308,-0.19,-0.27,-0.1
202223,Academic year,Local authority district,E92000001,England,E12000004,East Midlands,South Derbyshire,E07000039,Provisional,Pupil residency,State-funded schools (LA),60,1224,56551.5,46.2,1191,97.3,585,47.8,815,66.6,290,23.7,4812.1,3.93,149,12.2,202,16.5,1194,-0.417,0,-0.08,0.08
202223,Academic year,Local authority district,E92000001,England,E12000009,South West,East Devon,E07000040,Provisional,Pupil residency,State-funded schools (LA),35,1347,63961,47.5,1302,96.7,646,48,896,66.5,476,35.3,5659.41,4.2,232,17.2,328,24.4,1274,-79.295,-0.06,-0.14,0.02
202223,Academic year,Local authority district,E92000001,England,E12000009,South West,Exeter,E07000041,Provisional,Pupil residency,State-funded schools (LA),29,1006,48538.5,48.2,963,95.7,526,52.3,712,70.8,551,54.8,4398.28,4.37,209,20.8,313,31.1,946,221.665,0.23,0.14,0.32
202223,Academic year,Local authority district,E92000001,England,E12000009,South West,Mid Devon,E07000042,Provisional,Pupil residency,State-funded schools (LA),29,934,44234.5,47.4,901,96.5,468,50.1,652,69.8,260,27.8,3832.86,4.1,138,14.8,200,21.4,906,162.446,0.18,0.09,0.27
202223,Academic year,Local authority district,E92000001,England,E12000009,South West,North Devon,E07000043,Provisional,Pupil residency,State-funded schools (LA),13,993,43651.75,44,953,96,399,40.2,603,60.7,315,31.7,3763.51,3.79,124,12.5,186,18.7,965,-228.763,-0.24,-0.33,-0.15
202223,Academic year,Local authority district,E92000001,England,E12000009,South West,South Hams,E07000044,Provisional,Pupil residency,State-funded schools (LA),41,896,44705.25,49.9,860,96,486,54.2,644,71.9,265,29.6,3898.68,4.35,162,18.1,205,22.9,857,-47.491,-0.06,-0.15,0.04
202223,Academic year,Local authority district,E92000001,England,E12000009,South West,Teignbridge,E07000045,Provisional,Pupil residency,State-funded schools (LA),35,1210,55067,45.5,1159,95.8,533,44,792,65.5,575,47.5,4922.32,4.07,245,20.2,330,27.3,1172,-262.744,-0.22,-0.31,-0.14
202223,Academic year,Local authority district,E92000001,England,E12000009,South West,Torridge,E07000046,Provisional,Pupil residency,State-funded schools (LA),15,633,27149.5,42.9,603,95.3,269,42.5,395,62.4,251,39.7,2379.38,3.76,67,10.6,122,19.3,605,-114.781,-0.19,-0.3,-0.08
202223,Academic year,Local authority district,E92000001,England,E12000009,South West,West Devon,E07000047,Provisional,Pupil residency,State-funded schools (LA),24,528,24459.5,46.3,506,95.8,241,45.6,351,66.5,237,44.9,2135.67,4.04,84,15.9,128,24.2,509,-72.841,-0.14,-0.27,-0.02
202223,Academic year,Local authority district,E92000001,England,E12000008,South East,Eastbourne,E07000061,Provisional,Pupil residency,State-funded schools (LA),25,1034,44769.25,43.3,993,96,404,39.1,654,63.2,302,29.2,3821.18,3.7,130,12.6,199,19.2,975,-83.855,-0.09,-0.17,0
202223,Academic year,Local authority district,E92000001,England,E12000008,South East,Hastings,E07000062,Provisional,Pupil residency,State-funded schools (LA),23,948,35010.75,36.9,897,94.6,301,31.8,484,51.1,157,16.6,2968.71,3.13,78,8.2,104,11,915,-772.404,-0.84,-0.94,-0.75
202223,Academic year,Local authority district,E92000001,England,E12000008,South East,Lewes,E07000063,Provisional,Pupil residency,State-funded schools (LA),39,957,44168,46.2,918,95.9,449,46.9,657,68.7,462,48.3,3979.44,4.16,209,21.8,298,31.1,921,87.104,0.09,0,0.19
202223,Academic year,Local authority district,E92000001,England,E12000008,South East,Rother,E07000064,Provisional,Pupil residency,State-funded schools (LA),39,838,37094.75,44.3,805,96.1,359,42.8,516,61.6,294,35.1,3297.58,3.94,167,19.9,215,25.7,806,-155.663,-0.19,-0.29,-0.1
202223,Academic year,Local authority district,E92000001,England,E12000008,South East,Wealden,E07000065,Provisional,Pupil residency,State-funded schools (LA),50,1442,69952,48.5,1400,97.1,700,48.5,1021,70.8,555,38.5,6177.04,4.28,262,18.2,381,26.4,1379,126.386,0.09,0.02,0.17
202223,Academic year,Local authority district,E92000001,England,E12000006,East of England,Basildon,E07000066,Provisional,Pupil residency,State-funded schools (LA),79,2267,98758,43.6,2153,95,962,42.4,1399,61.7,1006,44.4,8759.77,3.86,403,17.8,623,27.5,2172,-677.35,-0.31,-0.37,-0.25
202223,Academic year,Local authority district,E92000001,England,E12000006,East of England,Braintree,E07000067,Provisional,Pupil residency,State-funded schools (LA),64,1731,77577.63,44.8,1658,95.8,701,40.5,1130,65.3,562,32.5,6738.17,3.89,228,13.2,328,18.9,1658,-276.448,-0.17,-0.23,-0.1
202223,Academic year,Local authority district,E92000001,England,E12000006,East of England,Brentwood,E07000068,Provisional,Pupil residency,State-funded schools (LA),44,760,38761,51,740,97.4,395,52,563,74.1,365,48,3444.64,4.53,184,24.2,253,33.3,716,28.012,0.04,-0.06,0.14
202223,Academic year,Local authority district,E92000001,England,E12000006,East of England,Castle Point,E07000069,Provisional,Pupil residency,State-funded schools (LA),47,951,42386,44.6,919,96.6,380,40,561,59,377,39.6,3640.8,3.83,165,17.4,237,24.9,933,-298.876,-0.32,-0.41,-0.23
202223,Academic year,Local authority district,E92000001,England,E12000006,East of England,Chelmsford,E07000070,Provisional,Pupil residency,State-funded schools (LA),65,1950,98029.27,50.3,1894,97.1,997,51.1,1380,70.8,741,38,8597.98,4.41,382,19.6,504,25.8,1840,86.002,0.05,-0.02,0.11
202223,Academic year,Local authority district,E92000001,England,E12000006,East of England,Colchester,E07000071,Provisional,Pupil residency,State-funded schools (LA),43,2034,94902,46.7,1960,96.4,920,45.2,1318,64.8,678,33.3,8334.39,4.1,369,18.1,494,24.3,1916,-0.138,0,-0.06,0.06
202223,Academic year,Local authority district,E92000001,England,E12000006,East of England,Epping Forest,E07000072,Provisional,Pupil residency,State-funded schools (LA),102,1361,63350,46.5,1313,96.5,619,45.5,929,68.3,503,37,5504.77,4.04,195,14.3,303,22.3,1299,-70.985,-0.05,-0.13,0.02
202223,Academic year,Local authority district,E92000001,England,E12000006,East of England,Harlow,E07000073,Provisional,Pupil residency,State-funded schools (LA),46,1169,47331.75,40.5,1122,96,381,32.6,623,53.3,499,42.7,4182.49,3.58,140,12,238,20.4,1123,-565.448,-0.5,-0.59,-0.42
202223,Academic year,Local authority district,E92000001,England,E12000006,East of England,Maldon,E07000074,Provisional,Pupil residency,State-funded schools (LA),35,640,29281.25,45.8,616,96.3,262,40.9,407,63.6,173,27,2453.54,3.83,85,13.3,110,17.2,619,-207.198,-0.33,-0.45,-0.22
202223,Academic year,Local authority district,E92000001,England,E12000006,East of England,Rochford,E07000075,Provisional,Pupil residency,State-funded schools (LA),33,968,45880.5,47.4,941,97.2,450,46.5,666,68.8,433,44.7,4033.66,4.17,199,20.6,299,30.9,939,-124.303,-0.13,-0.22,-0.04
202223,Academic year,Local authority district,E92000001,England,E12000006,East of England,Tendring,E07000076,Provisional,Pupil residency,State-funded schools (LA),27,1460,57724.5,39.5,1381,94.6,455,31.2,751,51.4,321,22,4699.34,3.22,98,6.7,148,10.1,1406,-445.081,-0.32,-0.39,-0.24
202223,Academic year,Local authority district,E92000001,England,E12000006,East of England,Uttlesford,E07000077,Provisional,Pupil residency,State-funded schools (LA),42,1003,49173.25,49,975,97.2,507,50.5,724,72.2,531,52.9,4469.38,4.46,266,26.5,378,37.7,956,-57.434,-0.06,-0.15,0.03
202223,Academic year,Local authority district,E92000001,England,E12000009,South West,Cheltenham,E07000078,Provisional,Pupil residency,State-funded schools (LA),26,1082,57795.75,53.4,1039,96,643,59.4,802,74.1,400,37,5071.04,4.69,267,24.7,318,29.4,988,383.401,0.39,0.3,0.48
202223,Academic year,Local authority district,E92000001,England,E12000009,South West,Cotswold,E07000079,Provisional,Pupil residency,State-funded schools (LA),38,847,42861.5,50.6,821,96.9,451,53.2,613,72.4,275,32.5,3780.47,4.46,180,21.3,221,26.1,793,181.028,0.23,0.13,0.33
202223,Academic year,Local authority district,E92000001,England,E12000009,South West,Forest of Dean,E07000080,Provisional,Pupil residency,State-funded schools (LA),26,766,34744.75,45.4,744,97.1,315,41.1,492,64.2,263,34.3,3013.92,3.93,99,12.9,145,18.9,741,49.815,0.07,-0.03,0.17
202223,Academic year,Local authority district,E92000001,England,E12000009,South West,Gloucester,E07000081,Provisional,Pupil residency,State-funded schools (LA),36,1489,69465.75,46.7,1425,95.7,689,46.3,986,66.2,313,21,5911.07,3.97,175,11.8,240,16.1,1415,112,0.08,0.01,0.15
202223,Academic year,Local authority district,E92000001,England,E12000009,South West,Stroud,E07000082,Provisional,Pupil residency,State-funded schools (LA),36,1223,61596,50.4,1196,97.8,640,52.3,873,71.4,371,30.3,5369.98,4.39,205,16.8,278,22.7,1167,90.267,0.08,0,0.16
202223,Academic year,Local authority district,E92000001,England,E12000009,South West,Tewkesbury,E07000083,Provisional,Pupil residency,State-funded schools (LA),38,929,46263.75,49.8,900,96.9,469,50.5,660,71,224,24.1,3956.3,4.26,134,14.4,167,18,877,151.112,0.17,0.08,0.27
202223,Academic year,Local authority district,E92000001,England,E12000008,South East,Basingstoke and Deane,E07000084,Provisional,Pupil residency,State-funded schools (LA),44,1948,87741.38,45,1866,95.8,859,44.1,1263,64.8,768,39.4,7852.09,4.03,325,16.7,484,24.8,1861,-361.245,-0.19,-0.26,-0.13
202223,Academic year,Local authority district,E92000001,England,E12000008,South East,East Hampshire,E07000085,Provisional,Pupil residency,State-funded schools (LA),39,1179,55942.25,47.4,1139,96.6,550,46.6,830,70.4,469,39.8,4906.86,4.16,205,17.4,296,25.1,1135,-44.538,-0.04,-0.12,0.04
202223,Academic year,Local authority district,E92000001,England,E12000008,South East,Eastleigh,E07000086,Provisional,Pupil residency,State-funded schools (LA),39,1534,73500.5,47.9,1500,97.8,723,47.1,1053,68.6,647,42.2,6591.54,4.3,321,20.9,462,30.1,1461,-9.803,-0.01,-0.08,0.07
202223,Academic year,Local authority district,E92000001,England,E12000008,South East,Fareham,E07000087,Provisional,Pupil residency,State-funded schools (LA),31,1096,52354.25,47.8,1062,96.9,562,51.3,768,70.1,310,28.3,4454.23,4.06,137,12.5,179,16.3,1064,-63.203,-0.06,-0.14,0.03
202223,Academic year,Local authority district,E92000001,England,E12000008,South East,Gosport,E07000088,Provisional,Pupil residency,State-funded schools (LA),18,913,33967.25,37.2,864,94.6,246,26.9,459,50.3,145,15.9,2799.59,3.07,44,4.8,68,7.4,886,-526.641,-0.59,-0.69,-0.5
202223,Academic year,Local authority district,E92000001,England,E12000008,South East,Hart,E07000089,Provisional,Pupil residency,State-funded schools (LA),41,1020,52486.51,51.5,992,97.3,574,56.3,788,77.3,264,25.9,4573.52,4.48,172,16.9,218,21.4,954,99.415,0.1,0.01,0.19
202223,Academic year,Local authority district,E92000001,England,E12000008,South East,Havant,E07000090,Provisional,Pupil residency,State-funded schools (LA),41,1290,50838,39.4,1228,95.2,420,32.6,682,52.9,319,24.7,4247.7,3.29,113,8.8,169,13.1,1243,-657.709,-0.53,-0.61,-0.45
202223,Academic year,Local authority district,E92000001,England,E12000008,South East,New Forest,E07000091,Provisional,Pupil residency,State-funded schools (LA),39,1657,75997.5,45.9,1600,96.6,727,43.9,1081,65.2,542,32.7,6697.8,4.04,274,16.5,382,23.1,1585,-459.636,-0.29,-0.36,-0.22
202223,Academic year,Local authority district,E92000001,England,E12000008,South East,Rushmoor,E07000092,Provisional,Pupil residency,State-funded schools (LA),43,1035,45384.75,43.9,997,96.3,416,40.2,644,62.2,272,26.3,3977.25,3.84,136,13.1,184,17.8,990,-383.644,-0.39,-0.48,-0.3
202223,Academic year,Local authority district,E92000001,England,E12000008,South East,Test Valley,E07000093,Provisional,Pupil residency,State-funded schools (LA),48,1243,58419.75,47,1214,97.7,568,45.7,828,66.6,456,36.7,5129.95,4.13,208,16.7,301,24.2,1177,-138.896,-0.12,-0.2,-0.04
202223,Academic year,Local authority district,E92000001,England,E12000008,South East,Winchester,E07000094,Provisional,Pupil residency,State-funded schools (LA),47,1237,64368.5,52,1198,96.8,705,57,937,75.7,589,47.6,5832.63,4.72,326,26.4,420,34,1148,263.913,0.23,0.15,0.31
202223,Academic year,Local authority district,E92000001,England,E12000006,East of England,Broxbourne,E07000095,Provisional,Pupil residency,State-funded schools (LA),76,1153,53070.75,46,1122,97.3,538,46.7,777,67.4,521,45.2,4680.23,4.06,204,17.7,304,26.4,1110,-18.856,-0.02,-0.1,0.07
202223,Academic year,Local authority district,E92000001,England,E12000006,East of England,Dacorum,E07000096,Provisional,Pupil residency,State-funded schools (LA),61,1670,78825.5,47.2,1600,95.8,808,48.4,1145,68.6,579,34.7,6857.42,4.11,277,16.6,367,22,1578,-108.808,-0.07,-0.14,0
202223,Academic year,Local authority district,E92000001,England,E12000006,East of England,Hertsmere,E07000098,Provisional,Pupil residency,State-funded schools (LA),81,1169,59647.25,51,1135,97.1,650,55.6,840,71.9,478,40.9,5274.58,4.51,267,22.8,337,28.8,1084,232.886,0.21,0.13,0.3
202223,Academic year,Local authority district,E92000001,England,E12000006,East of England,North Hertfordshire,E07000099,Provisional,Pupil residency,State-funded schools (LA),50,1448,72667.5,50.2,1405,97,760,52.5,1050,72.5,596,41.2,6505.96,4.49,304,21,417,28.8,1397,263.466,0.19,0.11,0.26
202223,Academic year,Local authority district,E92000001,England,E12000006,East of England,Three Rivers,E07000102,Provisional,Pupil residency,State-funded schools (LA),62,1087,58440.25,53.8,1060,97.5,652,60,853,78.5,638,58.7,5337.03,4.91,314,28.9,449,41.3,1011,200.211,0.2,0.11,0.29
202223,Academic year,Local authority district,E92000001,England,E12000006,East of England,Watford,E07000103,Provisional,Pupil residency,State-funded schools (LA),59,1225,62943.5,51.4,1183,96.6,683,55.8,911,74.4,755,61.6,5780.45,4.72,350,28.6,473,38.6,1135,283.241,0.25,0.17,0.33
202223,Academic year,Local authority district,E92000001,England,E12000008,South East,Ashford,E07000105,Provisional,Pupil residency,State-funded schools (LA),48,1526,71166.5,46.6,1463,95.9,691,45.3,997,65.3,732,48,6336.18,4.15,332,21.8,485,31.8,1424,-16.349,-0.01,-0.08,0.06
202223,Academic year,Local authority district,E92000001,England,E12000008,South East,Canterbury,E07000106,Provisional,Pupil residency,State-funded schools (LA),52,1491,68291.75,45.8,1406,94.3,682,45.7,983,65.9,499,33.5,5853.07,3.93,224,15,331,22.2,1404,-564.42,-0.4,-0.48,-0.33
202223,Academic year,Local authority district,E92000001,England,E12000008,South East,Dartford,E07000107,Provisional,Pupil residency,State-funded schools (LA),76,1464,73678.5,50.3,1404,95.9,796,54.4,1045,71.4,532,36.3,6489.49,4.43,351,24,430,29.4,1388,193.366,0.14,0.06,0.21
202223,Academic year,Local authority district,E92000001,England,E12000008,South East,Dover,E07000108,Provisional,Pupil residency,State-funded schools (LA),41,1232,52231.75,42.4,1190,96.6,497,40.3,727,59,459,37.3,4585.22,3.72,206,16.7,315,25.6,1156,-549.332,-0.48,-0.56,-0.39
202223,Academic year,Local authority district,E92000001,England,E12000008,South East,Gravesham,E07000109,Provisional,Pupil residency,State-funded schools (LA),61,1393,63552.75,45.6,1344,96.5,644,46.2,912,65.5,515,37,5572.47,4,243,17.4,327,23.5,1315,17.606,0.01,-0.06,0.09
202223,Academic year,Local authority district,E92000001,England,E12000008,South East,Maidstone,E07000110,Provisional,Pupil residency,State-funded schools (LA),75,1969,90456.88,45.9,1887,95.8,850,43.2,1283,65.2,913,46.4,8060.02,4.09,393,20,586,29.8,1839,-292.361,-0.16,-0.22,-0.09
202223,Academic year,Local authority district,E92000001,England,E12000008,South East,Sevenoaks,E07000111,Provisional,Pupil residency,State-funded schools (LA),74,1199,60185.75,50.2,1151,96,633,52.8,854,71.2,534,44.5,5333.38,4.45,283,23.6,366,30.5,1111,46.004,0.04,-0.04,0.12
202223,Academic year,Local authority district,E92000001,England,E12000008,South East,Folkestone and Hythe,E07000112,Provisional,Pupil residency,State-funded schools (LA),36,1117,47543,42.6,1062,95.1,431,38.6,656,58.7,360,32.2,4066.15,3.64,162,14.5,233,20.9,1082,-387.625,-0.36,-0.44,-0.27
202223,Academic year,Local authority district,E92000001,England,E12000008,South East,Swale,E07000113,Provisional,Pupil residency,State-funded schools (LA),61,1769,73320,41.4,1659,93.8,645,36.5,1007,56.9,487,27.5,6200.9,3.51,216,12.2,328,18.5,1701,-836.911,-0.49,-0.56,-0.42
202223,Academic year,Local authority district,E92000001,England,E12000008,South East,Thanet,E07000114,Provisional,Pupil residency,State-funded schools (LA),34,1532,64939.75,42.4,1431,93.4,575,37.5,889,58,367,24,5393.72,3.52,177,11.6,254,16.6,1459,-399.676,-0.27,-0.35,-0.2
202223,Academic year,Local authority district,E92000001,England,E12000008,South East,Tonbridge and Malling,E07000115,Provisional,Pupil residency,State-funded schools (LA),73,1555,77135.88,49.6,1497,96.3,802,51.6,1083,69.6,698,44.9,6751.18,4.34,363,23.3,471,30.3,1439,128.375,0.09,0.02,0.16
202223,Academic year,Local authority district,E92000001,England,E12000008,South East,Tunbridge Wells,E07000116,Provisional,Pupil residency,State-funded schools (LA),42,1378,74156.25,53.8,1341,97.3,842,61.1,1081,78.4,871,63.2,6736.75,4.89,441,32,578,41.9,1162,336.638,0.29,0.21,0.37
202223,Academic year,Local authority district,E92000001,England,E12000002,North West,Burnley,E07000117,Provisional,Pupil residency,State-funded schools (LA),36,1136,45380.5,39.9,1077,94.8,411,36.2,620,54.6,458,40.3,3997.77,3.52,124,10.9,195,17.2,1080,-339.828,-0.31,-0.4,-0.23
202223,Academic year,Local authority district,E92000001,England,E12000002,North West,Chorley,E07000118,Provisional,Pupil residency,State-funded schools (LA),56,1279,61479,48.1,1235,96.6,649,50.7,906,70.8,386,30.2,5338.77,4.17,207,16.2,281,22,1249,20.126,0.02,-0.06,0.09
202223,Academic year,Local authority district,E92000001,England,E12000002,North West,Fylde,E07000119,Provisional,Pupil residency,State-funded schools (LA),35,655,29699.75,45.3,631,96.3,281,42.9,430,65.6,141,21.5,2507.45,3.83,54,8.2,76,11.6,640,-180.576,-0.28,-0.39,-0.17
202223,Academic year,Local authority district,E92000001,England,E12000002,North West,Hyndburn,E07000120,Provisional,Pupil residency,State-funded schools (LA),39,981,40021.75,40.8,934,95.2,332,33.8,552,56.3,252,25.7,3346.07,3.41,59,6,120,12.2,938,-391.16,-0.42,-0.51,-0.33
202223,Academic year,Local authority district,E92000001,England,E12000002,North West,Lancaster,E07000121,Provisional,Pupil residency,State-funded schools (LA),27,1393,62054.5,44.5,1320,94.8,577,41.4,853,61.2,397,28.5,5273.4,3.79,157,11.3,214,15.4,1338,-229.065,-0.17,-0.25,-0.1
202223,Academic year,Local authority district,E92000001,England,E12000002,North West,Pendle,E07000122,Provisional,Pupil residency,State-funded schools (LA),34,1216,49376.25,40.6,1168,96.1,419,34.5,680,55.9,445,36.6,4271.39,3.51,120,9.9,200,16.4,1122,-229.32,-0.2,-0.29,-0.12
202223,Academic year,Local authority district,E92000001,England,E12000002,North West,Preston,E07000123,Provisional,Pupil residency,State-funded schools (LA),53,1735,82435.5,47.5,1673,96.4,809,46.6,1155,66.6,628,36.2,7247.37,4.18,302,17.4,406,23.4,1597,149.031,0.09,0.02,0.16
202223,Academic year,Local authority district,E92000001,England,E12000002,North West,Ribble Valley,E07000124,Provisional,Pupil residency,State-funded schools (LA),36,644,32235,50.1,637,98.9,326,50.6,471,73.1,180,28,2748.95,4.27,87,13.5,134,20.8,624,13.704,0.02,-0.09,0.13
202223,Academic year,Local authority district,E92000001,England,E12000002,North West,Rossendale,E07000125,Provisional,Pupil residency,State-funded schools (LA),45,848,39039.75,46,816,96.2,400,47.2,571,67.3,249,29.4,3359.96,3.96,105,12.4,144,17,831,-171.252,-0.21,-0.3,-0.11
202223,Academic year,Local authority district,E92000001,England,E12000002,North West,South Ribble,E07000126,Provisional,Pupil residency,State-funded schools (LA),52,1213,56493.5,46.6,1175,96.9,563,46.4,827,68.2,395,32.6,4934.08,4.07,181,14.9,282,23.2,1179,-67.714,-0.06,-0.14,0.02
202223,Academic year,Local authority district,E92000001,England,E12000002,North West,West Lancashire,E07000127,Provisional,Pupil residency,State-funded schools (LA),57,1186,52304.5,44.1,1140,96.1,500,42.2,755,63.7,351,29.6,4503.19,3.8,128,10.8,196,16.5,1158,-351.486,-0.3,-0.38,-0.22
202223,Academic year,Local authority district,E92000001,England,E12000002,North West,Wyre,E07000128,Provisional,Pupil residency,State-funded schools (LA),33,1083,46596.5,43,1040,96,432,39.9,687,63.4,291,26.9,3966.06,3.66,95,8.8,143,13.2,1062,-331.038,-0.31,-0.4,-0.23
202223,Academic year,Local authority district,E92000001,England,E12000004,East Midlands,Blaby,E07000129,Provisional,Pupil residency,State-funded schools (LA),48,1135,50941.75,44.9,1095,96.5,509,44.8,753,66.3,351,30.9,4378.62,3.86,117,10.3,178,15.7,1105,-144.68,-0.13,-0.21,-0.05
202223,Academic year,Local authority district,E92000001,England,E12000004,East Midlands,Charnwood,E07000130,Provisional,Pupil residency,State-funded schools (LA),50,1758,83896.25,47.7,1702,96.8,875,49.8,1225,69.7,859,48.9,7535.99,4.29,382,21.7,548,31.2,1694,-16.171,-0.01,-0.08,0.06
202223,Academic year,Local authority district,E92000001,England,E12000004,East Midlands,Harborough,E07000131,Provisional,Pupil residency,State-funded schools (LA),43,1067,51825.25,48.6,1050,98.4,534,50,796,74.6,565,53,4643.23,4.35,217,20.3,306,28.7,1040,139.814,0.13,0.05,0.22
202223,Academic year,Local authority district,E92000001,England,E12000004,East Midlands,Hinckley and Bosworth,E07000132,Provisional,Pupil residency,State-funded schools (LA),50,1201,55939.75,46.6,1172,97.6,562,46.8,823,68.5,310,25.8,4819.14,4.01,152,12.7,209,17.4,1184,111.696,0.09,0.01,0.17
202223,Academic year,Local authority district,E92000001,England,E12000004,East Midlands,Melton,E07000133,Provisional,Pupil residency,State-funded schools (LA),27,555,26309.25,47.4,541,97.5,253,45.6,372,67,135,24.3,2279.18,4.11,77,13.9,100,18,541,-35.442,-0.07,-0.18,0.05
202223,Academic year,Local authority district,E92000001,England,E12000004,East Midlands,North West Leicestershire,E07000134,Provisional,Pupil residency,State-funded schools (LA),45,1112,46011.5,41.4,1079,97,401,36.1,636,57.2,325,29.2,4038.35,3.63,134,12.1,200,18,1080,-494.427,-0.46,-0.54,-0.37
202223,Academic year,Local authority district,E92000001,England,E12000004,East Midlands,Oadby and Wigston,E07000135,Provisional,Pupil residency,State-funded schools (LA),27,648,31208.25,48.2,627,96.8,318,49.1,454,70.1,407,62.8,2841.83,4.39,155,23.9,227,35,616,56.832,0.09,-0.02,0.2
202223,Academic year,Local authority district,E92000001,England,E12000004,East Midlands,Boston,E07000136,Provisional,Pupil residency,State-funded schools (LA),29,808,31332.75,38.8,767,94.9,223,27.6,397,49.1,240,29.7,2666.38,3.3,75,9.3,116,14.4,736,-255.912,-0.35,-0.45,-0.25
202223,Academic year,Local authority district,E92000001,England,E12000004,East Midlands,East Lindsey,E07000137,Provisional,Pupil residency,State-funded schools (LA),48,1332,57779,43.4,1263,94.8,470,35.3,789,59.2,460,34.5,5023.41,3.77,186,14,293,22,1268,-162.076,-0.13,-0.21,-0.05
202223,Academic year,Local authority district,E92000001,England,E12000004,East Midlands,Lincoln,E07000138,Provisional,Pupil residency,State-funded schools (LA),23,953,38522,40.4,912,95.7,333,34.9,547,57.4,325,34.1,3353.87,3.52,123,12.9,189,19.8,897,-363.103,-0.4,-0.5,-0.31
202223,Academic year,Local authority district,E92000001,England,E12000004,East Midlands,North Kesteven,E07000139,Provisional,Pupil residency,State-funded schools (LA),38,1204,55898,46.4,1170,97.2,523,43.4,811,67.4,630,52.3,4989.08,4.14,232,19.3,367,30.5,1162,-74.947,-0.06,-0.15,0.02
202223,Academic year,Local authority district,E92000001,England,E12000004,East Midlands,South Holland,E07000140,Provisional,Pupil residency,State-funded schools (LA),33,959,42327.25,44.1,930,97,340,35.5,569,59.3,280,29.2,3572.94,3.73,112,11.7,159,16.6,919,79.38,0.09,0,0.18
202223,Academic year,Local authority district,E92000001,England,E12000004,East Midlands,South Kesteven,E07000141,Provisional,Pupil residency,State-funded schools (LA),44,1639,82374,50.3,1591,97.1,830,50.6,1138,69.4,640,39,7250.47,4.42,373,22.8,479,29.2,1560,535.724,0.34,0.27,0.41
202223,Academic year,Local authority district,E92000001,England,E12000004,East Midlands,West Lindsey,E07000142,Provisional,Pupil residency,State-funded schools (LA),44,992,46041.01,46.4,961,96.9,438,44.2,658,66.3,385,38.8,3983.09,4.02,143,14.4,207,20.9,964,97.818,0.1,0.01,0.19
202223,Academic year,Local authority district,E92000001,England,E12000006,East of England,Breckland,E07000143,Provisional,Pupil residency,State-funded schools (LA),48,1365,60510.75,44.3,1331,97.5,557,40.8,864,63.3,695,50.9,5507.23,4.03,203,14.9,324,23.7,1318,99.977,0.08,0,0.15
202223,Academic year,Local authority district,E92000001,England,E12000006,East of England,Broadland,E07000144,Provisional,Pupil residency,State-funded schools (LA),30,1319,63120.5,47.9,1285,97.4,643,48.7,922,69.9,570,43.2,5652.55,4.29,268,20.3,371,28.1,1293,51.58,0.04,-0.04,0.12
202223,Academic year,Local authority district,E92000001,England,E12000006,East of England,Great Yarmouth,E07000145,Provisional,Pupil residency,State-funded schools (LA),26,1077,45548.75,42.3,1039,96.5,392,36.4,616,57.2,298,27.7,3849.8,3.57,121,11.2,166,15.4,1045,-169.234,-0.16,-0.25,-0.08
202223,Academic year,Local authority district,E92000001,England,E12000006,East of England,King's Lynn and West Norfolk,E07000146,Provisional,Pupil residency,State-funded schools (LA),35,1405,57823,41.2,1358,96.7,499,35.5,811,57.7,600,42.7,5159.08,3.67,173,12.3,280,19.9,1351,-241.878,-0.18,-0.25,-0.1
202223,Academic year,Local authority district,E92000001,England,E12000006,East of England,North Norfolk,E07000147,Provisional,Pupil residency,State-funded schools (LA),32,821,35366.25,43.1,780,95,326,39.7,520,63.3,334,40.7,3154.45,3.84,109,13.3,171,20.8,801,-116.326,-0.15,-0.24,-0.05
202223,Academic year,Local authority district,E92000001,England,E12000006,East of England,Norwich,E07000148,Provisional,Pupil residency,State-funded schools (LA),37,1230,53364.75,43.4,1179,95.9,484,39.3,749,60.9,438,35.6,4637.62,3.77,143,11.6,210,17.1,1157,-111.388,-0.1,-0.18,-0.01
202223,Academic year,Local authority district,E92000001,England,E12000006,East of England,South Norfolk,E07000149,Provisional,Pupil residency,State-funded schools (LA),39,1386,68068.25,49.1,1354,97.7,688,49.6,995,71.8,682,49.2,6071.33,4.38,292,21.1,419,30.2,1327,413.209,0.31,0.24,0.39
202223,Academic year,Local authority district,E92000001,England,E12000004,East Midlands,Ashfield,E07000170,Provisional,Pupil residency,State-funded schools (LA),48,1415,58989.75,41.7,1365,96.5,500,35.3,793,56,537,38,5072.77,3.58,154,10.9,245,17.3,1377,-370.237,-0.27,-0.34,-0.19
202223,Academic year,Local authority district,E92000001,England,E12000004,East Midlands,Bassetlaw,E07000171,Provisional,Pupil residency,State-funded schools (LA),43,1229,54034.26,44,1188,96.7,529,43,762,62,366,29.8,4681.29,3.81,175,14.2,256,20.8,1200,-124.251,-0.1,-0.18,-0.02
202223,Academic year,Local authority district,E92000001,England,E12000004,East Midlands,Broxtowe,E07000172,Provisional,Pupil residency,State-funded schools (LA),39,1083,52519.25,48.5,1060,97.9,524,48.4,769,71,407,37.6,4699.78,4.34,205,18.9,285,26.3,1026,60.223,0.06,-0.03,0.15
202223,Academic year,Local authority district,E92000001,England,E12000004,East Midlands,Gedling,E07000173,Provisional,Pupil residency,State-funded schools (LA),47,1268,60205.75,47.5,1242,97.9,599,47.2,873,68.8,475,37.5,5285.76,4.17,208,16.4,318,25.1,1226,66.898,0.05,-0.02,0.13
202223,Academic year,Local authority district,E92000001,England,E12000004,East Midlands,Mansfield,E07000174,Provisional,Pupil residency,State-funded schools (LA),33,1223,49979.25,40.9,1170,95.7,410,33.5,665,54.4,401,32.8,4271.84,3.49,119,9.7,200,16.4,1150,-245.955,-0.21,-0.3,-0.13
202223,Academic year,Local authority district,E92000001,England,E12000004,East Midlands,Newark and Sherwood,E07000175,Provisional,Pupil residency,State-funded schools (LA),44,1265,58661.75,46.4,1230,97.2,587,46.4,860,68,426,33.7,5100.67,4.03,186,14.7,268,21.2,1221,-18.455,-0.02,-0.09,0.06
202223,Academic year,Local authority district,E92000001,England,E12000004,East Midlands,Rushcliffe,E07000176,Provisional,Pupil residency,State-funded schools (LA),43,1327,74014.25,55.8,1298,97.8,858,64.7,1082,81.5,735,55.4,6679.3,5.03,409,30.8,522,39.3,1264,674.478,0.53,0.46,0.61
202223,Academic year,Local authority district,E92000001,England,E12000008,South East,Cherwell,E07000177,Provisional,Pupil residency,State-funded schools (LA),42,1692,74811,44.2,1626,96.1,709,41.9,1023,60.5,661,39.1,6645.48,3.93,240,14.2,353,20.9,1592,-203.01,-0.13,-0.2,-0.06
202223,Academic year,Local authority district,E92000001,England,E12000008,South East,Oxford,E07000178,Provisional,Pupil residency,State-funded schools (LA),33,1239,57240,46.2,1168,94.3,583,47.1,787,63.5,482,38.9,5119.39,4.13,254,20.5,320,25.8,1114,119.686,0.11,0.02,0.19
202223,Academic year,Local authority district,E92000001,England,E12000008,South East,South Oxfordshire,E07000179,Provisional,Pupil residency,State-funded schools (LA),47,1386,68852.5,49.7,1335,96.3,765,55.2,1008,72.7,546,39.4,6155.83,4.44,302,21.8,411,29.7,1290,329.64,0.26,0.18,0.33
202223,Academic year,Local authority district,E92000001,England,E12000008,South East,Vale of White Horse,E07000180,Provisional,Pupil residency,State-funded schools (LA),42,1319,61597.5,46.7,1246,94.5,627,47.5,876,66.4,429,32.5,5366.57,4.07,225,17.1,310,23.5,1244,6.964,0.01,-0.07,0.08
202223,Academic year,Local authority district,E92000001,England,E12000008,South East,West Oxfordshire,E07000181,Provisional,Pupil residency,State-funded schools (LA),25,1160,56368.5,48.6,1113,95.9,593,51.1,816,70.3,270,23.3,4826.78,4.16,158,13.6,201,17.3,1047,137.433,0.13,0.05,0.22
202223,Academic year,Local authority district,E92000001,England,E12000005,West Midlands,Cannock Chase,E07000192,Provisional,Pupil residency,State-funded schools (LA),47,1046,45536.5,43.5,1005,96.1,387,37,621,59.4,99,9.5,3662.06,3.5,42,4,62,5.9,1026,-175.423,-0.17,-0.26,-0.08
202223,Academic year,Local authority district,E92000001,England,E12000005,West Midlands,East Staffordshire,E07000193,Provisional,Pupil residency,State-funded schools (LA),35,1377,61623,44.8,1336,97,563,40.9,861,62.5,510,37,5342.56,3.88,195,14.2,306,22.2,1314,-74.625,-0.06,-0.13,0.02
202223,Academic year,Local authority district,E92000001,England,E12000005,West Midlands,Lichfield,E07000194,Provisional,Pupil residency,State-funded schools (LA),43,1069,51735.5,48.4,1032,96.5,504,47.1,733,68.6,399,37.3,4470.54,4.18,193,18.1,284,26.6,1035,41.224,0.04,-0.05,0.13
202223,Academic year,Local authority district,E92000001,England,E12000005,West Midlands,Newcastle-under-Lyme,E07000195,Provisional,Pupil residency,State-funded schools (LA),44,1240,53778.25,43.4,1204,97.1,456,36.8,746,60.2,350,28.2,4585.49,3.7,150,12.1,207,16.7,1201,-415.609,-0.35,-0.43,-0.27
202223,Academic year,Local authority district,E92000001,England,E12000005,West Midlands,South Staffordshire,E07000196,Provisional,Pupil residency,State-funded schools (LA),69,1068,50279.5,47.1,1037,97.1,480,44.9,699,65.4,292,27.3,4176.8,3.91,114,10.7,169,15.8,1050,23.882,0.02,-0.06,0.11
202223,Academic year,Local authority district,E92000001,England,E12000005,West Midlands,Stafford,E07000197,Provisional,Pupil residency,State-funded schools (LA),53,1361,63983.75,47,1319,96.9,606,44.5,886,65.1,398,29.2,5557.62,4.08,209,15.4,277,20.4,1305,-17.449,-0.01,-0.09,0.06
202223,Academic year,Local authority district,E92000001,England,E12000005,West Midlands,Staffordshire Moorlands,E07000198,Provisional,Pupil residency,State-funded schools (LA),41,952,43556.25,45.8,928,97.5,408,42.9,639,67.1,399,41.9,3750.71,3.94,144,15.1,234,24.6,939,-135.407,-0.14,-0.23,-0.05
202223,Academic year,Local authority district,E92000001,England,E12000005,West Midlands,Tamworth,E07000199,Provisional,Pupil residency,State-funded schools (LA),30,831,33988.25,40.9,796,95.8,276,33.2,465,56,298,35.9,2923.26,3.52,79,9.5,139,16.7,818,-307.629,-0.38,-0.47,-0.28
202223,Academic year,Local authority district,E92000001,England,E12000006,East of England,Babergh,E07000200,Provisional,Pupil residency,State-funded schools (LA),41,904,40163.5,44.4,873,96.6,364,40.3,543,60.1,238,26.3,3455.36,3.82,97,10.7,149,16.5,879,-79.954,-0.09,-0.18,0
202223,Academic year,Local authority district,E92000001,England,E12000006,East of England,Ipswich,E07000202,Provisional,Pupil residency,State-funded schools (LA),34,1566,64954.5,41.5,1464,93.5,595,38,929,59.3,352,22.5,5537.29,3.54,144,9.2,214,13.7,1480,-222.245,-0.15,-0.22,-0.08
202223,Academic year,Local authority district,E92000001,England,E12000006,East of England,Mid Suffolk,E07000203,Provisional,Pupil residency,State-funded schools (LA),39,1014,47012.25,46.4,984,97,464,45.8,687,67.8,322,31.8,4057.74,4,127,12.5,195,19.2,977,89.804,0.09,0,0.18
202223,Academic year,Local authority district,E92000001,England,E12000008,South East,Elmbridge,E07000207,Provisional,Pupil residency,State-funded schools (LA),58,1137,61935.25,54.5,1101,96.8,713,62.7,894,78.6,547,48.1,5588.06,4.91,332,29.2,433,38.1,1057,389.546,0.37,0.28,0.45
202223,Academic year,Local authority district,E92000001,England,E12000008,South East,Epsom and Ewell,E07000208,Provisional,Pupil residency,State-funded schools (LA),47,897,49662.25,55.4,868,96.8,559,62.3,706,78.7,470,52.4,4540.12,5.06,282,31.4,338,37.7,848,331.288,0.39,0.3,0.49
202223,Academic year,Local authority district,E92000001,England,E12000008,South East,Guildford,E07000209,Provisional,Pupil residency,State-funded schools (LA),51,1180,63119.75,53.5,1142,96.8,685,58.1,900,76.3,523,44.3,5618.08,4.76,263,22.3,343,29.1,1072,497.864,0.46,0.38,0.55
202223,Academic year,Local authority district,E92000001,England,E12000008,South East,Mole Valley,E07000210,Provisional,Pupil residency,State-funded schools (LA),47,809,41745.25,51.6,783,96.8,452,55.9,609,75.3,422,52.2,3828.21,4.73,203,25.1,292,36.1,765,149.477,0.2,0.1,0.3
202223,Academic year,Local authority district,E92000001,England,E12000008,South East,Reigate and Banstead,E07000211,Provisional,Pupil residency,State-funded schools (LA),63,1632,80581,49.4,1576,96.6,880,53.9,1181,72.4,737,45.2,7212.64,4.42,327,20,479,29.4,1519,195.957,0.13,0.06,0.2
202223,Academic year,Local authority district,E92000001,England,E12000008,South East,Runnymede,E07000212,Provisional,Pupil residency,State-funded schools (LA),43,737,37286,50.6,715,97,400,54.3,547,74.2,304,41.2,3251.08,4.41,146,19.8,202,27.4,697,63.856,0.09,-0.01,0.2
202223,Academic year,Local authority district,E92000001,England,E12000008,South East,Spelthorne,E07000213,Provisional,Pupil residency,State-funded schools (LA),77,1104,52174.25,47.3,1054,95.5,503,45.6,730,66.1,232,21,4454.31,4.03,123,11.1,163,14.8,1032,22.861,0.02,-0.06,0.11
202223,Academic year,Local authority district,E92000001,England,E12000008,South East,Surrey Heath,E07000214,Provisional,Pupil residency,State-funded schools (LA),43,967,50926.75,52.7,934,96.6,566,58.5,737,76.2,291,30.1,4478.66,4.63,181,18.7,235,24.3,886,273.143,0.31,0.22,0.4
202223,Academic year,Local authority district,E92000001,England,E12000008,South East,Tandridge,E07000215,Provisional,Pupil residency,State-funded schools (LA),57,833,37564.75,45.1,788,94.6,350,42,525,63,267,32.1,3241.67,3.89,119,14.3,178,21.4,795,-179.293,-0.23,-0.32,-0.13
202223,Academic year,Local authority district,E92000001,England,E12000008,South East,Waverley,E07000216,Provisional,Pupil residency,State-funded schools (LA),39,1154,62808.39,54.4,1125,97.5,684,59.3,903,78.2,479,41.5,5613.17,4.86,295,25.6,382,33.1,1103,297.552,0.27,0.19,0.35
202223,Academic year,Local authority district,E92000001,England,E12000008,South East,Woking,E07000217,Provisional,Pupil residency,State-funded schools (LA),39,1117,56760,50.8,1074,96.2,600,53.7,815,73,579,51.8,5099.99,4.57,285,25.5,402,36,1018,186.264,0.18,0.1,0.27
202223,Academic year,Local authority district,E92000001,England,E12000005,West Midlands,North Warwickshire,E07000218,Provisional,Pupil residency,State-funded schools (LA),53,650,28074,43.2,624,96,249,38.3,406,62.5,207,31.8,2399.5,3.69,62,9.5,107,16.5,637,-151.511,-0.24,-0.35,-0.13
202223,Academic year,Local authority district,E92000001,England,E12000005,West Midlands,Nuneaton and Bedworth,E07000219,Provisional,Pupil residency,State-funded schools (LA),49,1566,67154.75,42.9,1472,94,636,40.6,928,59.3,389,24.8,5650.63,3.61,140,8.9,209,13.3,1508,-277.293,-0.18,-0.26,-0.11
202223,Academic year,Local authority district,E92000001,England,E12000005,West Midlands,Rugby,E07000220,Provisional,Pupil residency,State-funded schools (LA),42,1233,59466.25,48.2,1188,96.4,632,51.3,853,69.2,474,38.4,5231.7,4.24,249,20.2,334,27.1,1162,27.486,0.02,-0.06,0.1
202223,Academic year,Local authority district,E92000001,England,E12000005,West Midlands,Stratford-on-Avon,E07000221,Provisional,Pupil residency,State-funded schools (LA),46,1281,66007.5,51.5,1242,97,689,53.8,963,75.2,478,37.3,5845.84,4.56,259,20.2,349,27.2,1213,267.194,0.22,0.14,0.3
202223,Academic year,Local authority district,E92000001,England,E12000005,West Midlands,Warwick,E07000222,Provisional,Pupil residency,State-funded schools (LA),39,1296,67658.75,52.2,1247,96.2,703,54.2,949,73.2,489,37.7,5870.09,4.53,269,20.8,361,27.9,1221,367.643,0.3,0.22,0.38
202223,Academic year,Local authority district,E92000001,England,E12000008,South East,Adur,E07000223,Provisional,Pupil residency,State-funded schools (LA),24,588,27503.75,46.8,563,95.7,290,49.3,413,70.2,299,50.9,2516.24,4.28,128,21.8,193,32.8,572,41.143,0.07,-0.04,0.19
202223,Academic year,Local authority district,E92000001,England,E12000008,South East,Arun,E07000224,Provisional,Pupil residency,State-funded schools (LA),26,1454,61009.75,42,1393,95.8,537,36.9,831,57.2,321,22.1,5116.93,3.52,138,9.5,221,15.2,1393,-275.68,-0.2,-0.27,-0.12
202223,Academic year,Local authority district,E92000001,England,E12000008,South East,Chichester,E07000225,Provisional,Pupil residency,State-funded schools (LA),31,1017,45948,45.2,980,96.4,435,42.8,651,64,260,25.6,3925.94,3.86,123,12.1,177,17.4,964,-4.602,0,-0.09,0.08
202223,Academic year,Local authority district,E92000001,England,E12000008,South East,Crawley,E07000226,Provisional,Pupil residency,State-funded schools (LA),32,1379,58352.5,42.3,1319,95.6,501,36.3,831,60.3,350,25.4,5059.29,3.67,131,9.5,185,13.4,1293,-327.779,-0.25,-0.33,-0.18
202223,Academic year,Local authority district,E92000001,England,E12000008,South East,Horsham,E07000227,Provisional,Pupil residency,State-funded schools (LA),45,1477,75242,50.9,1440,97.5,799,54.1,1096,74.2,606,41,6619.68,4.48,294,19.9,422,28.6,1407,472.746,0.34,0.26,0.41
202223,Academic year,Local authority district,E92000001,England,E12000008,South East,Mid Sussex,E07000228,Provisional,Pupil residency,State-funded schools (LA),46,1530,76113.76,49.7,1476,96.5,801,52.4,1119,73.1,699,45.7,6810.6,4.45,354,23.1,496,32.4,1455,342.335,0.24,0.16,0.31
202223,Academic year,Local authority district,E92000001,England,E12000008,South East,Worthing,E07000229,Provisional,Pupil residency,State-funded schools (LA),23,1135,54020.5,47.6,1084,95.5,535,47.1,786,69.3,359,31.6,4619.57,4.07,163,14.4,236,20.8,1096,194.023,0.18,0.09,0.26
202223,Academic year,Local authority district,E92000001,England,E12000005,West Midlands,Bromsgrove,E07000234,Provisional,Pupil residency,State-funded schools (LA),52,1008,48562,48.2,966,95.8,530,52.6,742,73.6,559,55.5,4400.6,4.37,188,18.7,297,29.5,984,-35.27,-0.04,-0.12,0.05
202223,Academic year,Local authority district,E92000001,England,E12000005,West Midlands,Malvern Hills,E07000235,Provisional,Pupil residency,State-funded schools (LA),32,709,32986,46.5,676,95.3,303,42.7,467,65.9,254,35.8,2883.83,4.07,99,14,153,21.6,675,46.84,0.07,-0.04,0.18
202223,Academic year,Local authority district,E92000001,England,E12000005,West Midlands,Redditch,E07000236,Provisional,Pupil residency,State-funded schools (LA),35,1022,44334,43.4,976,95.5,396,38.7,615,60.2,280,27.4,3753.85,3.67,90,8.8,125,12.2,1009,32.535,0.03,-0.05,0.12
202223,Academic year,Local authority district,E92000001,England,E12000005,West Midlands,Worcester,E07000237,Provisional,Pupil residency,State-funded schools (LA),21,1039,47711.5,45.9,995,95.8,467,44.9,672,64.7,332,32,4115.85,3.96,149,14.3,213,20.5,994,21.67,0.02,-0.07,0.11
202223,Academic year,Local authority district,E92000001,England,E12000005,West Midlands,Wychavon,E07000238,Provisional,Pupil residency,State-funded schools (LA),55,1247,57979,46.5,1208,96.9,600,48.1,862,69.1,423,33.9,5072.58,4.07,183,14.7,259,20.8,1199,150.349,0.13,0.05,0.21
202223,Academic year,Local authority district,E92000001,England,E12000005,West Midlands,Wyre Forest,E07000239,Provisional,Pupil residency,State-funded schools (LA),35,1028,43393.5,42.2,978,95.1,405,39.4,589,57.3,429,41.7,3807.67,3.7,160,15.6,244,23.7,1003,-267.828,-0.27,-0.35,-0.18
202223,Academic year,Local authority district,E92000001,England,E12000006,East of England,St Albans,E07000240,Provisional,Pupil residency,State-funded schools (LA),53,1841,106921.76,58.1,1807,98.2,1245,67.6,1547,84,1024,55.6,9729.74,5.29,603,32.8,785,42.6,1694,924.315,0.55,0.48,0.61
202223,Academic year,Local authority district,E92000001,England,E12000006,East of England,Welwyn Hatfield,E07000241,Provisional,Pupil residency,State-funded schools (LA),66,1190,58336.25,49,1147,96.4,600,50.4,827,69.5,590,49.6,5225.55,4.39,272,22.9,372,31.3,1129,322.725,0.29,0.2,0.37
202223,Academic year,Local authority district,E92000001,England,E12000006,East of England,East Hertfordshire,E07000242,Provisional,Pupil residency,State-funded schools (LA),57,1634,86389.75,52.9,1589,97.2,932,57,1284,78.6,869,53.2,7901.24,4.84,528,32.3,694,42.5,1518,358.67,0.24,0.17,0.31
202223,Academic year,Local authority district,E92000001,England,E12000006,East of England,Stevenage,E07000243,Provisional,Pupil residency,State-funded schools (LA),46,1073,48422.75,45.1,1023,95.3,446,41.6,676,63,269,25.1,4098.22,3.82,119,11.1,181,16.9,1032,39.489,0.04,-0.05,0.12
202223,Academic year,Local authority district,E92000001,England,E12000006,East of England,East Suffolk,E07000244,Provisional,Pupil residency,State-funded schools (LA),53,2355,102084.25,43.3,2247,95.4,927,39.4,1469,62.4,500,21.2,8670.31,3.68,237,10.1,338,14.4,2273,-367.173,-0.16,-0.22,-0.1
202223,Academic year,Local authority district,E92000001,England,E12000006,East of England,West Suffolk,E07000245,Provisional,Pupil residency,State-funded schools (LA),34,1668,73094.25,43.8,1608,96.4,649,38.9,1032,61.9,670,40.2,6451.93,3.87,215,12.9,334,20,1598,-132.491,-0.08,-0.15,-0.01
202223,Academic year,Local authority district,E92000001,England,E12000002,North West,Bolton,E08000001,Provisional,Pupil residency,State-funded schools (LA),64,3754,169311,45.1,3644,97.1,1605,42.8,2350,62.6,1158,30.8,14497.28,3.86,469,12.5,718,19.1,3479,-253.495,-0.07,-0.12,-0.03
202223,Academic year,Local authority district,E92000001,England,E12000002,North West,Bury,E08000002,Provisional,Pupil residency,State-funded schools (LA),60,2195,100129.5,45.6,2149,97.9,933,42.5,1437,65.5,704,32.1,8699.61,3.96,295,13.4,466,21.2,2071,-169.226,-0.08,-0.14,-0.02
202223,Academic year,Local authority district,E92000001,England,E12000002,North West,Manchester,E08000003,Provisional,Pupil residency,State-funded schools (LA),125,6680,301318.75,45.1,6419,96.1,2789,41.8,4084,61.1,2964,44.4,26592.54,3.98,1143,17.1,1678,25.1,5957,-248.365,-0.04,-0.08,-0.01
202223,Academic year,Local authority district,E92000001,England,E12000002,North West,Oldham,E08000004,Provisional,Pupil residency,State-funded schools (LA),63,3256,138806.25,42.6,3135,96.3,1212,37.2,1941,59.6,1227,37.7,11911.3,3.66,436,13.4,677,20.8,3064,-585.577,-0.19,-0.24,-0.14
202223,Academic year,Local authority district,E92000001,England,E12000002,North West,Rochdale,E08000005,Provisional,Pupil residency,State-funded schools (LA),68,2984,125939,42.2,2868,96.1,1135,38,1725,57.8,1116,37.4,10823.25,3.63,312,10.5,516,17.3,2800,-680.521,-0.24,-0.3,-0.19
202223,Academic year,Local authority district,E92000001,England,E12000002,North West,Salford,E08000006,Provisional,Pupil residency,State-funded schools (LA),83,2726,113043.5,41.5,2583,94.8,1025,37.6,1523,55.9,871,32,9764.06,3.58,345,12.7,516,18.9,2530,-1146.937,-0.45,-0.51,-0.4
202223,Academic year,Local authority district,E92000001,England,E12000002,North West,Stockport,E08000007,Provisional,Pupil residency,State-funded schools (LA),79,3140,149512.75,47.6,3000,95.5,1504,47.9,2122,67.6,1532,48.8,13010.53,4.14,462,14.7,661,21.1,3001,-23.413,-0.01,-0.06,0.04
202223,Academic year,Local authority district,E92000001,England,E12000002,North West,Tameside,E08000008,Provisional,Pupil residency,State-funded schools (LA),80,2771,120969.5,43.7,2665,96.2,1130,40.8,1711,61.7,1096,39.6,10485.17,3.78,376,13.6,583,21,2648,-459.145,-0.17,-0.23,-0.12
202223,Academic year,Local authority district,E92000001,England,E12000002,North West,Trafford,E08000009,Provisional,Pupil residency,State-funded schools (LA),68,2949,161478.97,54.8,2875,97.5,1751,59.4,2267,76.9,1391,47.2,14474.26,4.91,827,28,1058,35.9,2666,482.128,0.18,0.13,0.23
202223,Academic year,Local authority district,E92000001,England,E12000002,North West,Wigan,E08000010,Provisional,Pupil residency,State-funded schools (LA),83,3573,155651.5,43.6,3470,97.1,1398,39.1,2183,61.1,1031,28.9,13279.15,3.72,362,10.1,558,15.6,3468,-1437.065,-0.41,-0.46,-0.37
202223,Academic year,Local authority district,E92000001,England,E12000002,North West,Knowsley,E08000011,Provisional,Pupil residency,State-funded schools (LA),66,1746,66214,37.9,1637,93.8,498,28.5,881,50.5,530,30.4,5632.29,3.23,157,9,261,14.9,1702,-1267.939,-0.74,-0.81,-0.68
202223,Academic year,Local authority district,E92000001,England,E12000002,North West,Liverpool,E08000012,Provisional,Pupil residency,State-funded schools (LA),86,4871,198401.5,40.7,4564,93.7,1709,35.1,2621,53.8,1562,32.1,16892.48,3.47,604,12.4,886,18.2,4560,-2124.488,-0.47,-0.51,-0.42
202223,Academic year,Local authority district,E92000001,England,E12000002,North West,St. Helens,E08000013,Provisional,Pupil residency,State-funded schools (LA),59,2001,85773.25,42.9,1911,95.5,769,38.4,1170,58.5,768,38.4,7293.26,3.64,284,14.2,431,21.5,1935,-611.688,-0.32,-0.38,-0.25
202223,Academic year,Local authority district,E92000001,England,E12000002,North West,Sefton,E08000014,Provisional,Pupil residency,State-funded schools (LA),69,2814,120436.75,42.8,2671,94.9,1041,37,1679,59.7,943,33.5,10272.7,3.65,304,10.8,518,18.4,2724,-1127.864,-0.41,-0.47,-0.36
202223,Academic year,Local authority district,E92000001,England,E12000002,North West,Wirral,E08000015,Provisional,Pupil residency,State-funded schools (LA),47,3772,167582,44.4,3623,96,1580,41.9,2303,61.1,1763,46.7,14589,3.87,685,18.2,1041,27.6,3594,-423.406,-0.12,-0.16,-0.07
202223,Academic year,Local authority district,E92000001,England,E12000003,Yorkshire and The Humber,Barnsley,E08000016,Provisional,Pupil residency,State-funded schools (LA),49,2683,118340.25,44.1,2580,96.2,1165,43.4,1658,61.8,1058,39.4,10332.39,3.85,408,15.2,612,22.8,2608,-354.613,-0.14,-0.19,-0.08
202223,Academic year,Local authority district,E92000001,England,E12000003,Yorkshire and The Humber,Doncaster,E08000017,Provisional,Pupil residency,State-funded schools (LA),68,3371,149824.25,44.4,3261,96.7,1406,41.7,2095,62.1,825,24.5,12421.05,3.68,365,10.8,547,16.2,3228,-14.749,0,-0.05,0.04
202223,Academic year,Local authority district,E92000001,England,E12000003,Yorkshire and The Humber,Rotherham,E08000018,Provisional,Pupil residency,State-funded schools (LA),63,3107,133758,43.1,2993,96.3,1205,38.8,1849,59.5,833,26.8,11083.3,3.57,267,8.6,418,13.5,3014,-398.188,-0.13,-0.18,-0.08
202223,Academic year,Local authority district,E92000001,England,E12000003,Yorkshire and The Humber,Sheffield,E08000019,Provisional,Pupil residency,State-funded schools (LA),56,6017,264840.5,44,5733,95.3,2547,42.3,3703,61.5,2450,40.7,23199.25,3.86,1006,16.7,1493,24.8,5711,-561.617,-0.1,-0.13,-0.06
202223,Academic year,Local authority district,E92000001,England,E12000001,North East,Newcastle upon Tyne,E08000021,Provisional,Pupil residency,State-funded schools (LA),50,2773,119097.25,42.9,2603,93.9,1101,39.7,1608,58,1249,45,10600.29,3.82,492,17.7,686,24.7,2592,-986.824,-0.38,-0.44,-0.33
202223,Academic year,Local authority district,E92000001,England,E12000001,North East,North Tyneside,E08000022,Provisional,Pupil residency,State-funded schools (LA),38,2106,98408,46.7,2020,95.9,950,45.1,1414,67.1,697,33.1,8507.5,4.04,296,14.1,425,20.2,2063,-168.657,-0.08,-0.14,-0.02
202223,Academic year,Local authority district,E92000001,England,E12000001,North East,South Tyneside,E08000023,Provisional,Pupil residency,State-funded schools (LA),32,1580,69796.75,44.2,1503,95.1,593,37.5,957,60.6,591,37.4,5961.54,3.77,191,12.1,328,20.8,1531,-418.683,-0.27,-0.34,-0.2
202223,Academic year,Local authority district,E92000001,England,E12000001,North East,Sunderland,E08000024,Provisional,Pupil residency,State-funded schools (LA),55,3055,131060.75,42.9,2939,96.2,1185,38.8,1786,58.5,1185,38.8,11240.32,3.68,435,14.2,677,22.2,2980,-1456.653,-0.49,-0.54,-0.44
202223,Academic year,Local authority district,E92000001,England,E12000005,West Midlands,Birmingham,E08000025,Provisional,Pupil residency,State-funded schools (LA),192,15208,681281.5,44.8,14598,96,6513,42.8,9354,61.5,6862,45.1,59794.75,3.93,2416,15.9,3584,23.6,14111,-503.621,-0.04,-0.06,-0.01
202223,Academic year,Local authority district,E92000001,England,E12000005,West Midlands,Coventry,E08000026,Provisional,Pupil residency,State-funded schools (LA),66,4113,180857,44,3966,96.4,1692,41.1,2516,61.2,1424,34.6,15648.97,3.8,503,12.2,754,18.3,3763,-125.733,-0.03,-0.08,0.01
202223,Academic year,Local authority district,E92000001,England,E12000005,West Midlands,Dudley,E08000027,Provisional,Pupil residency,State-funded schools (LA),99,3597,156646.75,43.5,3469,96.4,1393,38.7,2180,60.6,923,25.7,13165.53,3.66,346,9.6,544,15.1,3479,-164.9,-0.05,-0.09,0
202223,Academic year,Local authority district,E92000001,England,E12000005,West Midlands,Sandwell,E08000028,Provisional,Pupil residency,State-funded schools (LA),121,4386,192959,44,4268,97.3,1682,38.3,2498,57,1544,35.2,16475.25,3.76,524,11.9,849,19.4,4085,-50.602,-0.01,-0.06,0.03
202223,Academic year,Local authority district,E92000001,England,E12000005,West Midlands,Solihull,E08000029,Provisional,Pupil residency,State-funded schools (LA),94,2514,122971,48.9,2420,96.3,1288,51.2,1764,70.2,1117,44.4,10839.17,4.31,526,20.9,737,29.3,2387,33.264,0.01,-0.04,0.07
202223,Academic year,Local authority district,E92000001,England,E12000005,West Midlands,Walsall,E08000030,Provisional,Pupil residency,State-funded schools (LA),108,3527,154085.75,43.7,3406,96.6,1338,37.9,2025,57.4,1297,36.8,13064.74,3.7,426,12.1,644,18.3,3341,-581.408,-0.17,-0.22,-0.13
202223,Academic year,Local authority district,E92000001,England,E12000005,West Midlands,Wolverhampton,E08000031,Provisional,Pupil residency,State-funded schools (LA),84,3467,156217.5,45.1,3356,96.8,1323,38.2,2019,58.2,954,27.5,12776.7,3.69,317,9.1,471,13.6,3217,-199.935,-0.06,-0.11,-0.01
202223,Academic year,Local authority district,E92000001,England,E12000003,Yorkshire and The Humber,Bradford,E08000032,Provisional,Pupil residency,State-funded schools (LA),87,7727,324974.75,42.1,7387,95.6,2893,37.4,4394,56.9,2898,37.5,27683.94,3.58,929,12,1399,18.1,7380,-1718.424,-0.23,-0.27,-0.2
202223,Academic year,Local authority district,E92000001,England,E12000003,Yorkshire and The Humber,Calderdale,E08000033,Provisional,Pupil residency,State-funded schools (LA),39,2428,111409.25,45.9,2327,95.8,1050,43.2,1530,63,726,29.9,9422.59,3.88,315,13,473,19.5,2352,-98.515,-0.04,-0.1,0.02
202223,Academic year,Local authority district,E92000001,England,E12000003,Yorkshire and The Humber,Kirklees,E08000034,Provisional,Pupil residency,State-funded schools (LA),81,5232,242200,46.3,5065,96.8,2392,45.7,3450,65.9,1800,34.4,20959.25,4.01,804,15.4,1155,22.1,5060,495.613,0.1,0.06,0.14
202223,Academic year,Local authority district,E92000001,England,E12000003,Yorkshire and The Humber,Leeds,E08000035,Provisional,Pupil residency,State-funded schools (LA),100,8821,406773.5,46.1,8439,95.7,4101,46.5,5718,64.8,3764,42.7,35908.44,4.07,1722,19.5,2394,27.1,8305,1156.015,0.14,0.11,0.17
202223,Academic year,Local authority district,E92000001,England,E12000003,Yorkshire and The Humber,Wakefield,E08000036,Provisional,Pupil residency,State-funded schools (LA),63,3821,173881.5,45.5,3701,96.9,1696,44.4,2485,65,1339,35,15131.65,3.96,555,14.5,819,21.4,3699,419.608,0.11,0.07,0.16
202223,Academic year,Local authority district,E92000001,England,E12000001,North East,Gateshead,E08000037,Provisional,Pupil residency,State-funded schools (LA),45,1930,89575.5,46.4,1854,96.1,874,45.3,1286,66.6,916,47.5,7884.04,4.08,370,19.2,555,28.8,1869,-347.646,-0.19,-0.25,-0.12
202223,Academic year,Local authority district,E92000001,England,E13000001,Inner London,City of London,E09000001,Provisional,Pupil residency,State-funded schools (LA),14,15,836.25,55.8,15,100,10,66.7,12,80,9,60,77.84,5.19,5,33.3,6,40,12,16.181,1.35,0.55,2.15
202223,Academic year,Local authority district,E92000001,England,E13000002,Outer London,Barking and Dagenham,E09000002,Provisional,Pupil residency,State-funded schools (LA),144,3424,166393.25,48.6,3325,97.1,1712,50,2285,66.7,1609,47,14631.65,4.27,634,18.5,920,26.9,3184,739.575,0.23,0.18,0.28
202223,Academic year,Local authority district,E92000001,England,E13000002,Outer London,Barnet,E09000003,Provisional,Pupil residency,State-funded schools (LA),135,4013,224561.25,56,3885,96.8,2618,65.2,3183,79.3,2331,58.1,20635.98,5.14,1291,32.2,1684,42,3529,2239.018,0.63,0.59,0.68
202223,Academic year,Local authority district,E92000001,England,E13000002,Outer London,Bexley,E09000004,Provisional,Pupil residency,State-funded schools (LA),103,3112,153100,49.2,3018,97,1613,51.8,2178,70,1340,43.1,13590.58,4.37,719,23.1,957,30.8,2948,-55.571,-0.02,-0.07,0.03
202223,Academic year,Local authority district,E92000001,England,E13000002,Outer London,Brent,E09000005,Provisional,Pupil residency,State-funded schools (LA),147,3752,187208.25,49.9,3652,97.3,1888,50.3,2508,66.8,2369,63.1,17274,4.6,1010,26.9,1373,36.6,3244,1680.352,0.52,0.47,0.57
202223,Academic year,Local authority district,E92000001,England,E13000002,Outer London,Bromley,E09000006,Provisional,Pupil residency,State-funded schools (LA),143,3522,181616.75,51.6,3397,96.5,1975,56.1,2572,73,2120,60.2,16719.29,4.75,1071,30.4,1455,41.3,3295,127.143,0.04,-0.01,0.09
202223,Academic year,Local authority district,E92000001,England,E13000001,Inner London,Camden,E09000007,Provisional,Pupil residency,State-funded schools (LA),96,1447,70112.75,48.5,1373,94.9,759,52.5,1002,69.2,781,54,6341.54,4.38,302,20.9,439,30.3,1336,3.596,0,-0.07,0.08
202223,Academic year,Local authority district,E92000001,England,E13000002,Outer London,Croydon,E09000008,Provisional,Pupil residency,State-funded schools (LA),177,4557,217252.77,47.7,4370,95.9,2168,47.6,3028,66.4,2257,49.5,19510.7,4.28,906,19.9,1305,28.6,4189,221.756,0.05,0.01,0.1
202223,Academic year,Local authority district,E92000001,England,E13000002,Outer London,Ealing,E09000009,Provisional,Pupil residency,State-funded schools (LA),145,3966,209660.5,52.9,3840,96.8,2309,58.2,2963,74.7,2414,60.9,19295.38,4.87,1236,31.2,1620,40.8,3535,2239.418,0.63,0.59,0.68
202223,Academic year,Local authority district,E92000001,England,E13000002,Outer London,Enfield,E09000010,Provisional,Pupil residency,State-funded schools (LA),142,4436,210045.41,47.4,4275,96.4,2162,48.7,2961,66.7,2532,57.1,19158.34,4.32,902,20.3,1320,29.8,4121,1031.604,0.25,0.21,0.29
202223,Academic year,Local authority district,E92000001,England,E13000002,Outer London,Greenwich,E09000011,Provisional,Pupil residency,State-funded schools (LA),118,3134,150952.63,48.2,3019,96.3,1555,49.6,2101,67,1445,46.1,13390.27,4.27,670,21.4,929,29.6,2852,-88.649,-0.03,-0.08,0.02
202223,Academic year,Local authority district,E92000001,England,E13000001,Inner London,Hackney,E09000012,Provisional,Pupil residency,State-funded schools (LA),112,2453,124070.77,50.6,2365,96.4,1274,51.9,1730,70.5,1562,63.7,11395.36,4.65,696,28.4,938,38.2,2236,560.706,0.25,0.19,0.31
202223,Academic year,Local authority district,E92000001,England,E13000001,Inner London,Hammersmith and Fulham,E09000013,Provisional,Pupil residency,State-funded schools (LA),78,1173,61957,52.8,1122,95.7,674,57.5,873,74.4,711,60.6,5643.27,4.81,345,29.4,463,39.5,1038,323.471,0.31,0.23,0.4
202223,Academic year,Local authority district,E92000001,England,E13000001,Inner London,Haringey,E09000014,Provisional,Pupil residency,State-funded schools (LA),125,2697,131296.78,48.7,2606,96.6,1288,47.8,1781,66,1345,49.9,11862.66,4.4,577,21.4,778,28.8,2376,603.738,0.25,0.2,0.31
202223,Academic year,Local authority district,E92000001,England,E13000002,Outer London,Harrow,E09000015,Provisional,Pupil residency,State-funded schools (LA),104,2794,150184.75,53.8,2719,97.3,1659,59.4,2060,73.7,1854,66.4,13845.26,4.96,885,31.7,1162,41.6,2427,1238.289,0.51,0.45,0.57
202223,Academic year,Local authority district,E92000001,England,E13000002,Outer London,Havering,E09000016,Provisional,Pupil residency,State-funded schools (LA),125,3119,150647,48.3,3006,96.4,1530,49.1,2202,70.6,1902,61,13570.07,4.35,683,21.9,1044,33.5,2881,-75.915,-0.03,-0.08,0.03
202223,Academic year,Local authority district,E92000001,England,E13000002,Outer London,Hillingdon,E09000017,Provisional,Pupil residency,State-funded schools (LA),130,3564,180567.25,50.7,3453,96.9,1925,54,2570,72.1,1705,47.8,16100.81,4.52,783,22,1111,31.2,3260,914.523,0.28,0.23,0.33
202223,Academic year,Local authority district,E92000001,England,E13000002,Outer London,Hounslow,E09000018,Provisional,Pupil residency,State-funded schools (LA),113,3189,162491,51,3057,95.9,1781,55.8,2312,72.5,1766,55.4,14788.24,4.64,839,26.3,1172,36.8,2767,1028.715,0.37,0.32,0.42
202223,Academic year,Local authority district,E92000001,England,E13000001,Inner London,Islington,E09000019,Provisional,Pupil residency,State-funded schools (LA),87,1585,75644.75,47.7,1502,94.8,773,48.8,1045,65.9,834,52.6,6820.42,4.3,366,23.1,483,30.5,1497,10.425,0.01,-0.06,0.08
202223,Academic year,Local authority district,E92000001,England,E13000001,Inner London,Kensington and Chelsea,E09000020,Provisional,Pupil residency,State-funded schools (LA),61,619,32364.75,52.3,600,96.9,354,57.2,466,75.3,343,55.4,2857.71,4.62,136,22,186,30,533,91.288,0.17,0.05,0.29
202223,Academic year,Local authority district,E92000001,England,E13000002,Outer London,Kingston upon Thames,E09000021,Provisional,Pupil residency,State-funded schools (LA),59,1653,92845.25,56.2,1602,96.9,1042,63,1319,79.8,1026,62.1,8508.79,5.15,554,33.5,725,43.9,1475,843.107,0.57,0.5,0.64
202223,Academic year,Local authority district,E92000001,England,E13000001,Inner London,Lambeth,E09000022,Provisional,Pupil residency,State-funded schools (LA),138,2652,124869,47.1,2555,96.3,1261,47.5,1729,65.2,1391,52.5,11186.48,4.22,561,21.2,781,29.4,2438,122.545,0.05,-0.01,0.11
202223,Academic year,Local authority district,E92000001,England,E13000001,Inner London,Lewisham,E09000023,Provisional,Pupil residency,State-funded schools (LA),145,3008,145340.75,48.3,2886,95.9,1484,49.3,2001,66.5,1678,55.8,13221.84,4.4,687,22.8,973,32.3,2782,392.782,0.14,0.09,0.19
202223,Academic year,Local authority district,E92000001,England,E13000002,Outer London,Merton,E09000024,Provisional,Pupil residency,State-funded schools (LA),104,2093,114935.13,54.9,2029,96.9,1281,61.2,1612,77,1157,55.3,10516.71,5.02,646,30.9,849,40.6,1912,1223.891,0.64,0.58,0.7
202223,Academic year,Local authority district,E92000001,England,E13000001,Inner London,Newham,E09000025,Provisional,Pupil residency,State-funded schools (LA),168,4428,225419.5,50.9,4308,97.3,2405,54.3,3170,71.6,2739,61.9,20300.57,4.58,1076,24.3,1545,34.9,3950,963.512,0.24,0.2,0.29
202223,Academic year,Local authority district,E92000001,England,E13000002,Outer London,Redbridge,E09000026,Provisional,Pupil residency,State-funded schools (LA),149,3850,208965.25,54.3,3755,97.5,2414,62.7,2991,77.7,1982,51.5,18841.28,4.89,1004,26.1,1302,33.8,3493,1807.437,0.52,0.47,0.56
202223,Academic year,Local authority district,E92000001,England,E13000002,Outer London,Richmond upon Thames,E09000027,Provisional,Pupil residency,State-funded schools (LA),69,1643,95974.89,58.4,1588,96.7,1124,68.4,1359,82.7,991,60.3,8876.68,5.4,660,40.2,790,48.1,1493,751.953,0.5,0.43,0.58
202223,Academic year,Local authority district,E92000001,England,E13000001,Inner London,Southwark,E09000028,Provisional,Pupil residency,State-funded schools (LA),116,2703,134512.75,49.8,2607,96.4,1425,52.7,1903,70.4,1765,65.3,12244.87,4.53,666,24.6,986,36.5,2548,768.263,0.3,0.25,0.36
202223,Academic year,Local authority district,E92000001,England,E13000002,Outer London,Sutton,E09000029,Provisional,Pupil residency,State-funded schools (LA),90,2488,139184.26,55.9,2395,96.3,1585,63.7,1953,78.5,1143,45.9,12520.17,5.03,713,28.7,898,36.1,2241,909.123,0.41,0.35,0.46
202223,Academic year,Local authority district,E92000001,England,E13000001,Inner London,Tower Hamlets,E09000030,Provisional,Pupil residency,State-funded schools (LA),115,3069,152689,49.8,2938,95.7,1662,54.2,2159,70.3,1891,61.6,13638.79,4.44,702,22.9,992,32.3,2807,681.079,0.24,0.19,0.29
202223,Academic year,Local authority district,E92000001,England,E13000002,Outer London,Waltham Forest,E09000031,Provisional,Pupil residency,State-funded schools (LA),127,3034,143594.25,47.3,2930,96.6,1490,49.1,2037,67.1,1253,41.3,12616.65,4.16,560,18.5,765,25.2,2812,-44.305,-0.02,-0.07,0.04
202223,Academic year,Local authority district,E92000001,England,E13000001,Inner London,Wandsworth,E09000032,Provisional,Pupil residency,State-funded schools (LA),102,2080,106309,51.1,2004,96.3,1147,55.1,1489,71.6,1237,59.5,9895.42,4.76,610,29.3,808,38.8,1890,690.757,0.37,0.3,0.43
202223,Academic year,Local authority district,E92000001,England,E13000001,Inner London,Westminster,E09000033,Provisional,Pupil residency,State-funded schools (LA),80,1094,57571.75,52.6,1048,95.8,634,58,813,74.3,744,68,5309.5,4.85,343,31.4,467,42.7,978,428.036,0.44,0.35,0.53
